,SMILES,Name,reaction_id,aggregated_score,rank
0,COCC(C)N=c1scc(-c2cc(Cl)ccc2Cl)n1N=Cc1ccc([N+](=O)[O-])o1,JNyICq2mGlb3BtR_u2pIvA|5TLvxg60a6qNBA5fm-JnnA|cus1Oksm0VSDeU7jI86wkw,m_1baa,0.5016069046178018,12
1,COCC(C)N=c1scc(-c2ccccc2Cl)n1N=Cc1ccc([N+](=O)[O-])o1,JNyICq2mGlb3BtR_u2pIvA|5TLvxg60a6qNBA5fm-JnnA|LmVeafeA9XYEVIheL6YHug,m_1baa,0.3857676743900811,16
2,COCC(C)N=c1scc(-c2cc(C)c(C)cc2C)n1N=Cc1ccc([N+](=O)[O-])o1,JNyICq2mGlb3BtR_u2pIvA|5TLvxg60a6qNBA5fm-JnnA|4_Q7n4f9xPHz0gG5K37c6Q,m_1baa,0.24247254968520338,30
3,COCC(C)N=c1scc(-c2cc(C)n(-c3ccc(C)c(C)c3)c2C)n1N=Cc1ccc([N+](=O)[O-])o1,JNyICq2mGlb3BtR_u2pIvA|5TLvxg60a6qNBA5fm-JnnA|QpmKTajxI-q6v6b5bnS-gw,m_1baa,0.18549438417539932,39
4,COCC(C)N=c1scc(-c2ccc(Cl)c(Cl)c2)n1N=Cc1ccc([N+](=O)[O-])o1,JNyICq2mGlb3BtR_u2pIvA|5TLvxg60a6qNBA5fm-JnnA|73wD9HEnDoluq0nA4KbZYQ,m_1baa,0.6486004179168958,6
5,COCC(C)N=c1scc(-c2cc(Cl)ccc2Cl)n1N=Cc1c(C)[nH]c2ccccc12,JNyICq2mGlb3BtR_u2pIvA|HNjwjEJAwQ0XrQ4Eh0RJPA|cus1Oksm0VSDeU7jI86wkw,m_1baa,0.03497707069980338,185
6,COCC(C)N=c1scc(-c2ccccc2Cl)n1N=Cc1c(C)[nH]c2ccccc12,JNyICq2mGlb3BtR_u2pIvA|HNjwjEJAwQ0XrQ4Eh0RJPA|LmVeafeA9XYEVIheL6YHug,m_1baa,0.021221360137866574,227
7,COCC(C)N=c1scc(-c2cc(C)c(C)cc2C)n1N=Cc1c(C)[nH]c2ccccc12,JNyICq2mGlb3BtR_u2pIvA|HNjwjEJAwQ0XrQ4Eh0RJPA|4_Q7n4f9xPHz0gG5K37c6Q,m_1baa,0.04795994275019666,151
8,COCC(C)N=c1scc(-c2cc(C)n(-c3ccc(C)c(C)c3)c2C)n1N=Cc1c(C)[nH]c2ccccc12,JNyICq2mGlb3BtR_u2pIvA|HNjwjEJAwQ0XrQ4Eh0RJPA|QpmKTajxI-q6v6b5bnS-gw,m_1baa,0.025707449010951677,213
9,COCC(C)N=c1scc(-c2ccc(Cl)c(Cl)c2)n1N=Cc1c(C)[nH]c2ccccc12,JNyICq2mGlb3BtR_u2pIvA|HNjwjEJAwQ0XrQ4Eh0RJPA|73wD9HEnDoluq0nA4KbZYQ,m_1baa,0.0450967355978662,158
10,COCC(C)N=c1scc(-c2cc(Cl)ccc2Cl)n1N=CC1CCCCC1,JNyICq2mGlb3BtR_u2pIvA|hlGOEmYTF8kZaDmEZ4_mWA|cus1Oksm0VSDeU7jI86wkw,m_1baa,0.11041091477515685,80
11,COCC(C)N=c1scc(-c2ccccc2Cl)n1N=CC1CCCCC1,JNyICq2mGlb3BtR_u2pIvA|hlGOEmYTF8kZaDmEZ4_mWA|LmVeafeA9XYEVIheL6YHug,m_1baa,0.07608538683079491,108
12,COCC(C)N=c1scc(-c2cc(C)c(C)cc2C)n1N=CC1CCCCC1,JNyICq2mGlb3BtR_u2pIvA|hlGOEmYTF8kZaDmEZ4_mWA|4_Q7n4f9xPHz0gG5K37c6Q,m_1baa,0.04021449305368208,173
13,COCC(C)N=c1scc(-c2cc(C)n(-c3ccc(C)c(C)c3)c2C)n1N=CC1CCCCC1,JNyICq2mGlb3BtR_u2pIvA|hlGOEmYTF8kZaDmEZ4_mWA|QpmKTajxI-q6v6b5bnS-gw,m_1baa,0.06427320802322356,127
14,COCC(C)N=c1scc(-c2ccc(Cl)c(Cl)c2)n1N=CC1CCCCC1,JNyICq2mGlb3BtR_u2pIvA|hlGOEmYTF8kZaDmEZ4_mWA|73wD9HEnDoluq0nA4KbZYQ,m_1baa,0.07210548665679184,116
15,COCC(C)N=c1scc(-c2cc(Cl)ccc2Cl)n1N=Cc1cc(C)n(-c2ccc(Cl)cc2)c1C,JNyICq2mGlb3BtR_u2pIvA|GDA-b20FYga8Sm1DrOXExg|cus1Oksm0VSDeU7jI86wkw,m_1baa,0.07236478664806967,115
16,COCC(C)N=c1scc(-c2ccccc2Cl)n1N=Cc1cc(C)n(-c2ccc(Cl)cc2)c1C,JNyICq2mGlb3BtR_u2pIvA|GDA-b20FYga8Sm1DrOXExg|LmVeafeA9XYEVIheL6YHug,m_1baa,0.045168172101898385,156
17,COCC(C)N=c1scc(-c2cc(C)c(C)cc2C)n1N=Cc1cc(C)n(-c2ccc(Cl)cc2)c1C,JNyICq2mGlb3BtR_u2pIvA|GDA-b20FYga8Sm1DrOXExg|4_Q7n4f9xPHz0gG5K37c6Q,m_1baa,0.03849022268622093,177
18,COCC(C)N=c1scc(-c2cc(C)n(-c3ccc(C)c(C)c3)c2C)n1N=Cc1cc(C)n(-c2ccc(Cl)cc2)c1C,JNyICq2mGlb3BtR_u2pIvA|GDA-b20FYga8Sm1DrOXExg|QpmKTajxI-q6v6b5bnS-gw,m_1baa,0.034395800155635925,188
19,COCC(C)N=c1scc(-c2ccc(Cl)c(Cl)c2)n1N=Cc1cc(C)n(-c2ccc(Cl)cc2)c1C,JNyICq2mGlb3BtR_u2pIvA|GDA-b20FYga8Sm1DrOXExg|73wD9HEnDoluq0nA4KbZYQ,m_1baa,0.08187725803213652,100
20,COCC(C)N=c1scc(-c2cc(Cl)ccc2Cl)n1N=Cc1c(C)nn(Cc2ccc(F)cc2)c1Cl,JNyICq2mGlb3BtR_u2pIvA|0C4WUcPTm0QAgEwCdUZ20g|cus1Oksm0VSDeU7jI86wkw,m_1baa,0.17201053202961702,49
21,COCC(C)N=c1scc(-c2ccccc2Cl)n1N=Cc1c(C)nn(Cc2ccc(F)cc2)c1Cl,JNyICq2mGlb3BtR_u2pIvA|0C4WUcPTm0QAgEwCdUZ20g|LmVeafeA9XYEVIheL6YHug,m_1baa,0.0501441464958825,147
22,COCC(C)N=c1scc(-c2cc(C)c(C)cc2C)n1N=Cc1c(C)nn(Cc2ccc(F)cc2)c1Cl,JNyICq2mGlb3BtR_u2pIvA|0C4WUcPTm0QAgEwCdUZ20g|4_Q7n4f9xPHz0gG5K37c6Q,m_1baa,0.08534098394612322,94
23,COCC(C)N=c1scc(-c2cc(C)n(-c3ccc(C)c(C)c3)c2C)n1N=Cc1c(C)nn(Cc2ccc(F)cc2)c1Cl,JNyICq2mGlb3BtR_u2pIvA|0C4WUcPTm0QAgEwCdUZ20g|QpmKTajxI-q6v6b5bnS-gw,m_1baa,0.11238758762829093,79
24,COCC(C)N=c1scc(-c2ccc(Cl)c(Cl)c2)n1N=Cc1c(C)nn(Cc2ccc(F)cc2)c1Cl,JNyICq2mGlb3BtR_u2pIvA|0C4WUcPTm0QAgEwCdUZ20g|73wD9HEnDoluq0nA4KbZYQ,m_1baa,0.18119714440763346,43
25,O=[N+]([O-])c1ccc(C=Nn2c(-c3cc(Cl)ccc3Cl)csc2=NC2CC2)o1,o3IqZo8WawzU9kbLWHPFVQ|5TLvxg60a6qNBA5fm-JnnA|cus1Oksm0VSDeU7jI86wkw,m_1baa,0.5391830927028423,11
26,O=[N+]([O-])c1ccc(C=Nn2c(-c3ccccc3Cl)csc2=NC2CC2)o1,o3IqZo8WawzU9kbLWHPFVQ|5TLvxg60a6qNBA5fm-JnnA|LmVeafeA9XYEVIheL6YHug,m_1baa,0.7083050369110424,3
27,Cc1cc(C)c(-c2csc(=NC3CC3)n2N=Cc2ccc([N+](=O)[O-])o2)cc1C,o3IqZo8WawzU9kbLWHPFVQ|5TLvxg60a6qNBA5fm-JnnA|4_Q7n4f9xPHz0gG5K37c6Q,m_1baa,0.39287762513959024,15
28,Cc1ccc(-n2c(C)cc(-c3csc(=NC4CC4)n3N=Cc3ccc([N+](=O)[O-])o3)c2C)cc1C,o3IqZo8WawzU9kbLWHPFVQ|5TLvxg60a6qNBA5fm-JnnA|QpmKTajxI-q6v6b5bnS-gw,m_1baa,0.2094780555635225,34
29,O=[N+]([O-])c1ccc(C=Nn2c(-c3ccc(Cl)c(Cl)c3)csc2=NC2CC2)o1,o3IqZo8WawzU9kbLWHPFVQ|5TLvxg60a6qNBA5fm-JnnA|73wD9HEnDoluq0nA4KbZYQ,m_1baa,0.6724585550414304,5
30,Cc1[nH]c2ccccc2c1C=Nn1c(-c2cc(Cl)ccc2Cl)csc1=NC1CC1,o3IqZo8WawzU9kbLWHPFVQ|HNjwjEJAwQ0XrQ4Eh0RJPA|cus1Oksm0VSDeU7jI86wkw,m_1baa,0.0789661475327037,103
31,Cc1[nH]c2ccccc2c1C=Nn1c(-c2ccccc2Cl)csc1=NC1CC1,o3IqZo8WawzU9kbLWHPFVQ|HNjwjEJAwQ0XrQ4Eh0RJPA|LmVeafeA9XYEVIheL6YHug,m_1baa,0.04903203169975967,149
32,Cc1cc(C)c(-c2csc(=NC3CC3)n2N=Cc2c(C)[nH]c3ccccc23)cc1C,o3IqZo8WawzU9kbLWHPFVQ|HNjwjEJAwQ0XrQ4Eh0RJPA|4_Q7n4f9xPHz0gG5K37c6Q,m_1baa,0.0604562707061973,135
33,Cc1ccc(-n2c(C)cc(-c3csc(=NC4CC4)n3N=Cc3c(C)[nH]c4ccccc34)c2C)cc1C,o3IqZo8WawzU9kbLWHPFVQ|HNjwjEJAwQ0XrQ4Eh0RJPA|QpmKTajxI-q6v6b5bnS-gw,m_1baa,0.05552368722965184,141
34,Cc1[nH]c2ccccc2c1C=Nn1c(-c2ccc(Cl)c(Cl)c2)csc1=NC1CC1,o3IqZo8WawzU9kbLWHPFVQ|HNjwjEJAwQ0XrQ4Eh0RJPA|73wD9HEnDoluq0nA4KbZYQ,m_1baa,0.08204053661168587,99
35,Clc1ccc(Cl)c(-c2csc(=NC3CC3)n2N=CC2CCCCC2)c1,o3IqZo8WawzU9kbLWHPFVQ|hlGOEmYTF8kZaDmEZ4_mWA|cus1Oksm0VSDeU7jI86wkw,m_1baa,0.24840192367254588,27
36,Clc1ccccc1-c1csc(=NC2CC2)n1N=CC1CCCCC1,o3IqZo8WawzU9kbLWHPFVQ|hlGOEmYTF8kZaDmEZ4_mWA|LmVeafeA9XYEVIheL6YHug,m_1baa,0.14832481796535646,61
37,Cc1cc(C)c(-c2csc(=NC3CC3)n2N=CC2CCCCC2)cc1C,o3IqZo8WawzU9kbLWHPFVQ|hlGOEmYTF8kZaDmEZ4_mWA|4_Q7n4f9xPHz0gG5K37c6Q,m_1baa,0.0796752965937344,101
38,Cc1ccc(-n2c(C)cc(-c3csc(=NC4CC4)n3N=CC3CCCCC3)c2C)cc1C,o3IqZo8WawzU9kbLWHPFVQ|hlGOEmYTF8kZaDmEZ4_mWA|QpmKTajxI-q6v6b5bnS-gw,m_1baa,0.1722452158719534,48
39,Clc1ccc(-c2csc(=NC3CC3)n2N=CC2CCCCC2)cc1Cl,o3IqZo8WawzU9kbLWHPFVQ|hlGOEmYTF8kZaDmEZ4_mWA|73wD9HEnDoluq0nA4KbZYQ,m_1baa,0.16924811118703076,51
40,Cc1cc(C=Nn2c(-c3cc(Cl)ccc3Cl)csc2=NC2CC2)c(C)n1-c1ccc(Cl)cc1,o3IqZo8WawzU9kbLWHPFVQ|GDA-b20FYga8Sm1DrOXExg|cus1Oksm0VSDeU7jI86wkw,m_1baa,0.059163460580886174,136
41,Cc1cc(C=Nn2c(-c3ccccc3Cl)csc2=NC2CC2)c(C)n1-c1ccc(Cl)cc1,o3IqZo8WawzU9kbLWHPFVQ|GDA-b20FYga8Sm1DrOXExg|LmVeafeA9XYEVIheL6YHug,m_1baa,0.037054575104033205,180
42,Cc1cc(C)c(-c2csc(=NC3CC3)n2N=Cc2cc(C)n(-c3ccc(Cl)cc3)c2C)cc1C,o3IqZo8WawzU9kbLWHPFVQ|GDA-b20FYga8Sm1DrOXExg|4_Q7n4f9xPHz0gG5K37c6Q,m_1baa,0.03774840775173516,178
43,Cc1ccc(-n2c(C)cc(-c3csc(=NC4CC4)n3N=Cc3cc(C)n(-c4ccc(Cl)cc4)c3C)c2C)cc1C,o3IqZo8WawzU9kbLWHPFVQ|GDA-b20FYga8Sm1DrOXExg|QpmKTajxI-q6v6b5bnS-gw,m_1baa,0.017561844852295394,244
44,Cc1cc(C=Nn2c(-c3ccc(Cl)c(Cl)c3)csc2=NC2CC2)c(C)n1-c1ccc(Cl)cc1,o3IqZo8WawzU9kbLWHPFVQ|GDA-b20FYga8Sm1DrOXExg|73wD9HEnDoluq0nA4KbZYQ,m_1baa,0.0759353616739844,109
45,Cc1nn(Cc2ccc(F)cc2)c(Cl)c1C=Nn1c(-c2cc(Cl)ccc2Cl)csc1=NC1CC1,o3IqZo8WawzU9kbLWHPFVQ|0C4WUcPTm0QAgEwCdUZ20g|cus1Oksm0VSDeU7jI86wkw,m_1baa,0.23988887723862717,32
46,Cc1nn(Cc2ccc(F)cc2)c(Cl)c1C=Nn1c(-c2ccccc2Cl)csc1=NC1CC1,o3IqZo8WawzU9kbLWHPFVQ|0C4WUcPTm0QAgEwCdUZ20g|LmVeafeA9XYEVIheL6YHug,m_1baa,0.0836513614174983,97
47,Cc1cc(C)c(-c2csc(=NC3CC3)n2N=Cc2c(C)nn(Cc3ccc(F)cc3)c2Cl)cc1C,o3IqZo8WawzU9kbLWHPFVQ|0C4WUcPTm0QAgEwCdUZ20g|4_Q7n4f9xPHz0gG5K37c6Q,m_1baa,0.10871288217320796,81
48,Cc1ccc(-n2c(C)cc(-c3csc(=NC4CC4)n3N=Cc3c(C)nn(Cc4ccc(F)cc4)c3Cl)c2C)cc1C,o3IqZo8WawzU9kbLWHPFVQ|0C4WUcPTm0QAgEwCdUZ20g|QpmKTajxI-q6v6b5bnS-gw,m_1baa,0.09753970709130044,87
49,Cc1nn(Cc2ccc(F)cc2)c(Cl)c1C=Nn1c(-c2ccc(Cl)c(Cl)c2)csc1=NC1CC1,o3IqZo8WawzU9kbLWHPFVQ|0C4WUcPTm0QAgEwCdUZ20g|73wD9HEnDoluq0nA4KbZYQ,m_1baa,0.18246657235522434,42
50,COCCCN=c1scc(-c2cc(Cl)ccc2Cl)n1N=Cc1ccc([N+](=O)[O-])o1,jKF-trT3mYYb4KKPOw-ySw|5TLvxg60a6qNBA5fm-JnnA|cus1Oksm0VSDeU7jI86wkw,m_1baa,0.5717962828675809,9
51,COCCCN=c1scc(-c2ccccc2Cl)n1N=Cc1ccc([N+](=O)[O-])o1,jKF-trT3mYYb4KKPOw-ySw|5TLvxg60a6qNBA5fm-JnnA|LmVeafeA9XYEVIheL6YHug,m_1baa,0.4394746545704038,13
52,COCCCN=c1scc(-c2cc(C)c(C)cc2C)n1N=Cc1ccc([N+](=O)[O-])o1,jKF-trT3mYYb4KKPOw-ySw|5TLvxg60a6qNBA5fm-JnnA|4_Q7n4f9xPHz0gG5K37c6Q,m_1baa,0.24326487540855624,29
53,COCCCN=c1scc(-c2cc(C)n(-c3ccc(C)c(C)c3)c2C)n1N=Cc1ccc([N+](=O)[O-])o1,jKF-trT3mYYb4KKPOw-ySw|5TLvxg60a6qNBA5fm-JnnA|QpmKTajxI-q6v6b5bnS-gw,m_1baa,0.24953921658743639,26
54,COCCCN=c1scc(-c2ccc(Cl)c(Cl)c2)n1N=Cc1ccc([N+](=O)[O-])o1,jKF-trT3mYYb4KKPOw-ySw|5TLvxg60a6qNBA5fm-JnnA|73wD9HEnDoluq0nA4KbZYQ,m_1baa,0.8036577876482625,2
55,COCCCN=c1scc(-c2cc(Cl)ccc2Cl)n1N=Cc1c(C)[nH]c2ccccc12,jKF-trT3mYYb4KKPOw-ySw|HNjwjEJAwQ0XrQ4Eh0RJPA|cus1Oksm0VSDeU7jI86wkw,m_1baa,0.07125203348406117,118
56,COCCCN=c1scc(-c2ccccc2Cl)n1N=Cc1c(C)[nH]c2ccccc12,jKF-trT3mYYb4KKPOw-ySw|HNjwjEJAwQ0XrQ4Eh0RJPA|LmVeafeA9XYEVIheL6YHug,m_1baa,0.04931375841864849,148
57,COCCCN=c1scc(-c2cc(C)c(C)cc2C)n1N=Cc1c(C)[nH]c2ccccc12,jKF-trT3mYYb4KKPOw-ySw|HNjwjEJAwQ0XrQ4Eh0RJPA|4_Q7n4f9xPHz0gG5K37c6Q,m_1baa,0.09473607846757659,90
58,COCCCN=c1scc(-c2cc(C)n(-c3ccc(C)c(C)c3)c2C)n1N=Cc1c(C)[nH]c2ccccc12,jKF-trT3mYYb4KKPOw-ySw|HNjwjEJAwQ0XrQ4Eh0RJPA|QpmKTajxI-q6v6b5bnS-gw,m_1baa,0.07367146463002427,113
59,COCCCN=c1scc(-c2ccc(Cl)c(Cl)c2)n1N=Cc1c(C)[nH]c2ccccc12,jKF-trT3mYYb4KKPOw-ySw|HNjwjEJAwQ0XrQ4Eh0RJPA|73wD9HEnDoluq0nA4KbZYQ,m_1baa,0.12163969061020907,73
60,COCCCN=c1scc(-c2cc(Cl)ccc2Cl)n1N=CC1CCCCC1,jKF-trT3mYYb4KKPOw-ySw|hlGOEmYTF8kZaDmEZ4_mWA|cus1Oksm0VSDeU7jI86wkw,m_1baa,0.1511930748818031,60
61,COCCCN=c1scc(-c2ccccc2Cl)n1N=CC1CCCCC1,jKF-trT3mYYb4KKPOw-ySw|hlGOEmYTF8kZaDmEZ4_mWA|LmVeafeA9XYEVIheL6YHug,m_1baa,0.09232557722069146,92
62,COCCCN=c1scc(-c2cc(C)c(C)cc2C)n1N=CC1CCCCC1,jKF-trT3mYYb4KKPOw-ySw|hlGOEmYTF8kZaDmEZ4_mWA|4_Q7n4f9xPHz0gG5K37c6Q,m_1baa,0.05443996471038304,144
63,COCCCN=c1scc(-c2cc(C)n(-c3ccc(C)c(C)c3)c2C)n1N=CC1CCCCC1,jKF-trT3mYYb4KKPOw-ySw|hlGOEmYTF8kZaDmEZ4_mWA|QpmKTajxI-q6v6b5bnS-gw,m_1baa,0.17344556491298135,47
64,COCCCN=c1scc(-c2ccc(Cl)c(Cl)c2)n1N=CC1CCCCC1,jKF-trT3mYYb4KKPOw-ySw|hlGOEmYTF8kZaDmEZ4_mWA|73wD9HEnDoluq0nA4KbZYQ,m_1baa,0.13224835405856084,69
65,COCCCN=c1scc(-c2cc(Cl)ccc2Cl)n1N=Cc1cc(C)n(-c2ccc(Cl)cc2)c1C,jKF-trT3mYYb4KKPOw-ySw|GDA-b20FYga8Sm1DrOXExg|cus1Oksm0VSDeU7jI86wkw,m_1baa,0.15798868076234385,53
66,COCCCN=c1scc(-c2ccccc2Cl)n1N=Cc1cc(C)n(-c2ccc(Cl)cc2)c1C,jKF-trT3mYYb4KKPOw-ySw|GDA-b20FYga8Sm1DrOXExg|LmVeafeA9XYEVIheL6YHug,m_1baa,0.10765653625566074,83
67,COCCCN=c1scc(-c2cc(C)c(C)cc2C)n1N=Cc1cc(C)n(-c2ccc(Cl)cc2)c1C,jKF-trT3mYYb4KKPOw-ySw|GDA-b20FYga8Sm1DrOXExg|4_Q7n4f9xPHz0gG5K37c6Q,m_1baa,0.09629414077699039,89
68,COCCCN=c1scc(-c2cc(C)n(-c3ccc(C)c(C)c3)c2C)n1N=Cc1cc(C)n(-c2ccc(Cl)cc2)c1C,jKF-trT3mYYb4KKPOw-ySw|GDA-b20FYga8Sm1DrOXExg|QpmKTajxI-q6v6b5bnS-gw,m_1baa,0.06099325063451033,133
69,COCCCN=c1scc(-c2ccc(Cl)c(Cl)c2)n1N=Cc1cc(C)n(-c2ccc(Cl)cc2)c1C,jKF-trT3mYYb4KKPOw-ySw|GDA-b20FYga8Sm1DrOXExg|73wD9HEnDoluq0nA4KbZYQ,m_1baa,0.17382236062701395,46
70,COCCCN=c1scc(-c2cc(Cl)ccc2Cl)n1N=Cc1c(C)nn(Cc2ccc(F)cc2)c1Cl,jKF-trT3mYYb4KKPOw-ySw|0C4WUcPTm0QAgEwCdUZ20g|cus1Oksm0VSDeU7jI86wkw,m_1baa,0.25170028033517156,25
71,COCCCN=c1scc(-c2ccccc2Cl)n1N=Cc1c(C)nn(Cc2ccc(F)cc2)c1Cl,jKF-trT3mYYb4KKPOw-ySw|0C4WUcPTm0QAgEwCdUZ20g|LmVeafeA9XYEVIheL6YHug,m_1baa,0.07586731114695766,110
72,COCCCN=c1scc(-c2cc(C)c(C)cc2C)n1N=Cc1c(C)nn(Cc2ccc(F)cc2)c1Cl,jKF-trT3mYYb4KKPOw-ySw|0C4WUcPTm0QAgEwCdUZ20g|4_Q7n4f9xPHz0gG5K37c6Q,m_1baa,0.20400237392954068,36
73,COCCCN=c1scc(-c2cc(C)n(-c3ccc(C)c(C)c3)c2C)n1N=Cc1c(C)nn(Cc2ccc(F)cc2)c1Cl,jKF-trT3mYYb4KKPOw-ySw|0C4WUcPTm0QAgEwCdUZ20g|QpmKTajxI-q6v6b5bnS-gw,m_1baa,0.2090856316681311,35
74,COCCCN=c1scc(-c2ccc(Cl)c(Cl)c2)n1N=Cc1c(C)nn(Cc2ccc(F)cc2)c1Cl,jKF-trT3mYYb4KKPOw-ySw|0C4WUcPTm0QAgEwCdUZ20g|73wD9HEnDoluq0nA4KbZYQ,m_1baa,0.3038542515350855,21
75,O=[N+]([O-])c1ccc(C=Nn2c(-c3cc(Cl)ccc3Cl)csc2=NCC2CCCO2)o1,EpgKppKSDWqtMeQ68yWE_g|5TLvxg60a6qNBA5fm-JnnA|cus1Oksm0VSDeU7jI86wkw,m_1baa,0.6960818813704464,4
76,O=[N+]([O-])c1ccc(C=Nn2c(-c3ccccc3Cl)csc2=NCC2CCCO2)o1,EpgKppKSDWqtMeQ68yWE_g|5TLvxg60a6qNBA5fm-JnnA|LmVeafeA9XYEVIheL6YHug,m_1baa,0.5916343024437083,8
77,Cc1cc(C)c(-c2csc(=NCC3CCCO3)n2N=Cc2ccc([N+](=O)[O-])o2)cc1C,EpgKppKSDWqtMeQ68yWE_g|5TLvxg60a6qNBA5fm-JnnA|4_Q7n4f9xPHz0gG5K37c6Q,m_1baa,0.375672770640449,17
78,Cc1ccc(-n2c(C)cc(-c3csc(=NCC4CCCO4)n3N=Cc3ccc([N+](=O)[O-])o3)c2C)cc1C,EpgKppKSDWqtMeQ68yWE_g|5TLvxg60a6qNBA5fm-JnnA|QpmKTajxI-q6v6b5bnS-gw,m_1baa,0.261265452412772,24
79,O=[N+]([O-])c1ccc(C=Nn2c(-c3ccc(Cl)c(Cl)c3)csc2=NCC2CCCO2)o1,EpgKppKSDWqtMeQ68yWE_g|5TLvxg60a6qNBA5fm-JnnA|73wD9HEnDoluq0nA4KbZYQ,m_1baa,1.137834336128435,1
80,Cc1[nH]c2ccccc2c1C=Nn1c(-c2cc(Cl)ccc2Cl)csc1=NCC1CCCO1,EpgKppKSDWqtMeQ68yWE_g|HNjwjEJAwQ0XrQ4Eh0RJPA|cus1Oksm0VSDeU7jI86wkw,m_1baa,0.15197338376583502,59
81,Cc1[nH]c2ccccc2c1C=Nn1c(-c2ccccc2Cl)csc1=NCC1CCCO1,EpgKppKSDWqtMeQ68yWE_g|HNjwjEJAwQ0XrQ4Eh0RJPA|LmVeafeA9XYEVIheL6YHug,m_1baa,0.05406993193696508,145
82,Cc1cc(C)c(-c2csc(=NCC3CCCO3)n2N=Cc2c(C)[nH]c3ccccc23)cc1C,EpgKppKSDWqtMeQ68yWE_g|HNjwjEJAwQ0XrQ4Eh0RJPA|4_Q7n4f9xPHz0gG5K37c6Q,m_1baa,0.06161551821332978,132
83,Cc1ccc(-n2c(C)cc(-c3csc(=NCC4CCCO4)n3N=Cc3c(C)[nH]c4ccccc34)c2C)cc1C,EpgKppKSDWqtMeQ68yWE_g|HNjwjEJAwQ0XrQ4Eh0RJPA|QpmKTajxI-q6v6b5bnS-gw,m_1baa,0.07508370093273697,111
84,Cc1[nH]c2ccccc2c1C=Nn1c(-c2ccc(Cl)c(Cl)c2)csc1=NCC1CCCO1,EpgKppKSDWqtMeQ68yWE_g|HNjwjEJAwQ0XrQ4Eh0RJPA|73wD9HEnDoluq0nA4KbZYQ,m_1baa,0.21040386177446635,33
85,Clc1ccc(Cl)c(-c2csc(=NCC3CCCO3)n2N=CC2CCCCC2)c1,EpgKppKSDWqtMeQ68yWE_g|hlGOEmYTF8kZaDmEZ4_mWA|cus1Oksm0VSDeU7jI86wkw,m_1baa,0.1779107381451297,44
86,Clc1ccccc1-c1csc(=NCC2CCCO2)n1N=CC1CCCCC1,EpgKppKSDWqtMeQ68yWE_g|hlGOEmYTF8kZaDmEZ4_mWA|LmVeafeA9XYEVIheL6YHug,m_1baa,0.14121089015097255,63
87,Cc1cc(C)c(-c2csc(=NCC3CCCO3)n2N=CC2CCCCC2)cc1C,EpgKppKSDWqtMeQ68yWE_g|hlGOEmYTF8kZaDmEZ4_mWA|4_Q7n4f9xPHz0gG5K37c6Q,m_1baa,0.06448141225963155,125
88,Cc1ccc(-n2c(C)cc(-c3csc(=NCC4CCCO4)n3N=CC3CCCCC3)c2C)cc1C,EpgKppKSDWqtMeQ68yWE_g|hlGOEmYTF8kZaDmEZ4_mWA|QpmKTajxI-q6v6b5bnS-gw,m_1baa,0.15683012430963572,55
89,Clc1ccc(-c2csc(=NCC3CCCO3)n2N=CC2CCCCC2)cc1Cl,EpgKppKSDWqtMeQ68yWE_g|hlGOEmYTF8kZaDmEZ4_mWA|73wD9HEnDoluq0nA4KbZYQ,m_1baa,0.18478000935164118,40
90,Cc1cc(C=Nn2c(-c3cc(Cl)ccc3Cl)csc2=NCC2CCCO2)c(C)n1-c1ccc(Cl)cc1,EpgKppKSDWqtMeQ68yWE_g|GDA-b20FYga8Sm1DrOXExg|cus1Oksm0VSDeU7jI86wkw,m_1baa,0.14395756529793857,62
91,Cc1cc(C=Nn2c(-c3ccccc3Cl)csc2=NCC2CCCO2)c(C)n1-c1ccc(Cl)cc1,EpgKppKSDWqtMeQ68yWE_g|GDA-b20FYga8Sm1DrOXExg|LmVeafeA9XYEVIheL6YHug,m_1baa,0.08669225502565325,93
92,Cc1cc(C)c(-c2csc(=NCC3CCCO3)n2N=Cc2cc(C)n(-c3ccc(Cl)cc3)c2C)cc1C,EpgKppKSDWqtMeQ68yWE_g|GDA-b20FYga8Sm1DrOXExg|4_Q7n4f9xPHz0gG5K37c6Q,m_1baa,0.06429730514673793,126
93,Cc1ccc(-n2c(C)cc(-c3csc(=NCC4CCCO4)n3N=Cc3cc(C)n(-c4ccc(Cl)cc4)c3C)c2C)cc1C,EpgKppKSDWqtMeQ68yWE_g|GDA-b20FYga8Sm1DrOXExg|QpmKTajxI-q6v6b5bnS-gw,m_1baa,0.05718438680878535,139
94,Cc1cc(C=Nn2c(-c3ccc(Cl)c(Cl)c3)csc2=NCC2CCCO2)c(C)n1-c1ccc(Cl)cc1,EpgKppKSDWqtMeQ68yWE_g|GDA-b20FYga8Sm1DrOXExg|73wD9HEnDoluq0nA4KbZYQ,m_1baa,0.18257877966050273,41
95,Cc1nn(Cc2ccc(F)cc2)c(Cl)c1C=Nn1c(-c2cc(Cl)ccc2Cl)csc1=NCC1CCCO1,EpgKppKSDWqtMeQ68yWE_g|0C4WUcPTm0QAgEwCdUZ20g|cus1Oksm0VSDeU7jI86wkw,m_1baa,0.2809452101755596,22
96,Cc1nn(Cc2ccc(F)cc2)c(Cl)c1C=Nn1c(-c2ccccc2Cl)csc1=NCC1CCCO1,EpgKppKSDWqtMeQ68yWE_g|0C4WUcPTm0QAgEwCdUZ20g|LmVeafeA9XYEVIheL6YHug,m_1baa,0.09643365835029272,88
97,Cc1cc(C)c(-c2csc(=NCC3CCCO3)n2N=Cc2c(C)nn(Cc3ccc(F)cc3)c2Cl)cc1C,EpgKppKSDWqtMeQ68yWE_g|0C4WUcPTm0QAgEwCdUZ20g|4_Q7n4f9xPHz0gG5K37c6Q,m_1baa,0.17428094723447884,45
98,Cc1ccc(-n2c(C)cc(-c3csc(=NCC4CCCO4)n3N=Cc3c(C)nn(Cc4ccc(F)cc4)c3Cl)c2C)cc1C,EpgKppKSDWqtMeQ68yWE_g|0C4WUcPTm0QAgEwCdUZ20g|QpmKTajxI-q6v6b5bnS-gw,m_1baa,0.2745256329399126,23
99,Cc1nn(Cc2ccc(F)cc2)c(Cl)c1C=Nn1c(-c2ccc(Cl)c(Cl)c2)csc1=NCC1CCCO1,EpgKppKSDWqtMeQ68yWE_g|0C4WUcPTm0QAgEwCdUZ20g|73wD9HEnDoluq0nA4KbZYQ,m_1baa,0.3052125736630842,20
100,COc1ccc(N=c2scc(-c3cc(Cl)ccc3Cl)n2N=Cc2ccc([N+](=O)[O-])o2)cc1OC,0Ax50Ta756V-fXEhPWVu6g|5TLvxg60a6qNBA5fm-JnnA|cus1Oksm0VSDeU7jI86wkw,m_1baa,0.4139913954659278,14
101,COc1ccc(N=c2scc(-c3ccccc3Cl)n2N=Cc2ccc([N+](=O)[O-])o2)cc1OC,0Ax50Ta756V-fXEhPWVu6g|5TLvxg60a6qNBA5fm-JnnA|LmVeafeA9XYEVIheL6YHug,m_1baa,0.6451031271426473,7
102,COc1ccc(N=c2scc(-c3cc(C)c(C)cc3C)n2N=Cc2ccc([N+](=O)[O-])o2)cc1OC,0Ax50Ta756V-fXEhPWVu6g|5TLvxg60a6qNBA5fm-JnnA|4_Q7n4f9xPHz0gG5K37c6Q,m_1baa,0.3712685749969751,18
103,COc1ccc(N=c2scc(-c3cc(C)n(-c4ccc(C)c(C)c4)c3C)n2N=Cc2ccc([N+](=O)[O-])o2)cc1OC,0Ax50Ta756V-fXEhPWVu6g|5TLvxg60a6qNBA5fm-JnnA|QpmKTajxI-q6v6b5bnS-gw,m_1baa,0.1967917423171457,37
104,COc1ccc(N=c2scc(-c3ccc(Cl)c(Cl)c3)n2N=Cc2ccc([N+](=O)[O-])o2)cc1OC,0Ax50Ta756V-fXEhPWVu6g|5TLvxg60a6qNBA5fm-JnnA|73wD9HEnDoluq0nA4KbZYQ,m_1baa,0.5615720689238515,10
105,COc1ccc(N=c2scc(-c3cc(Cl)ccc3Cl)n2N=Cc2c(C)[nH]c3ccccc23)cc1OC,0Ax50Ta756V-fXEhPWVu6g|HNjwjEJAwQ0XrQ4Eh0RJPA|cus1Oksm0VSDeU7jI86wkw,m_1baa,0.24210331133963336,31
106,COc1ccc(N=c2scc(-c3ccccc3Cl)n2N=Cc2c(C)[nH]c3ccccc23)cc1OC,0Ax50Ta756V-fXEhPWVu6g|HNjwjEJAwQ0XrQ4Eh0RJPA|LmVeafeA9XYEVIheL6YHug,m_1baa,0.06280315108644885,131
107,COc1ccc(N=c2scc(-c3cc(C)c(C)cc3C)n2N=Cc2c(C)[nH]c3ccccc23)cc1OC,0Ax50Ta756V-fXEhPWVu6g|HNjwjEJAwQ0XrQ4Eh0RJPA|4_Q7n4f9xPHz0gG5K37c6Q,m_1baa,0.07765781778243763,106
108,COc1ccc(N=c2scc(-c3cc(C)n(-c4ccc(C)c(C)c4)c3C)n2N=Cc2c(C)[nH]c3ccccc23)cc1OC,0Ax50Ta756V-fXEhPWVu6g|HNjwjEJAwQ0XrQ4Eh0RJPA|QpmKTajxI-q6v6b5bnS-gw,m_1baa,0.01171774244886592,266
109,COc1ccc(N=c2scc(-c3ccc(Cl)c(Cl)c3)n2N=Cc2c(C)[nH]c3ccccc23)cc1OC,0Ax50Ta756V-fXEhPWVu6g|HNjwjEJAwQ0XrQ4Eh0RJPA|73wD9HEnDoluq0nA4KbZYQ,m_1baa,0.32157223761169007,19
110,COc1ccc(N=c2scc(-c3cc(Cl)ccc3Cl)n2N=CC2CCCCC2)cc1OC,0Ax50Ta756V-fXEhPWVu6g|hlGOEmYTF8kZaDmEZ4_mWA|cus1Oksm0VSDeU7jI86wkw,m_1baa,0.1213192744863818,74
111,COc1ccc(N=c2scc(-c3ccccc3Cl)n2N=CC2CCCCC2)cc1OC,0Ax50Ta756V-fXEhPWVu6g|hlGOEmYTF8kZaDmEZ4_mWA|LmVeafeA9XYEVIheL6YHug,m_1baa,0.09370453064798312,91
112,COc1ccc(N=c2scc(-c3cc(C)c(C)cc3C)n2N=CC2CCCCC2)cc1OC,0Ax50Ta756V-fXEhPWVu6g|hlGOEmYTF8kZaDmEZ4_mWA|4_Q7n4f9xPHz0gG5K37c6Q,m_1baa,0.07152570306152484,117
113,COc1ccc(N=c2scc(-c3cc(C)n(-c4ccc(C)c(C)c4)c3C)n2N=CC2CCCCC2)cc1OC,0Ax50Ta756V-fXEhPWVu6g|hlGOEmYTF8kZaDmEZ4_mWA|QpmKTajxI-q6v6b5bnS-gw,m_1baa,0.015044538335956759,251
114,COc1ccc(N=c2scc(-c3ccc(Cl)c(Cl)c3)n2N=CC2CCCCC2)cc1OC,0Ax50Ta756V-fXEhPWVu6g|hlGOEmYTF8kZaDmEZ4_mWA|73wD9HEnDoluq0nA4KbZYQ,m_1baa,0.1271955750929692,70
115,COc1ccc(N=c2scc(-c3cc(Cl)ccc3Cl)n2N=Cc2cc(C)n(-c3ccc(Cl)cc3)c2C)cc1OC,0Ax50Ta756V-fXEhPWVu6g|GDA-b20FYga8Sm1DrOXExg|cus1Oksm0VSDeU7jI86wkw,m_1baa,0.026387971095598317,211
116,COc1ccc(N=c2scc(-c3ccccc3Cl)n2N=Cc2cc(C)n(-c3ccc(Cl)cc3)c2C)cc1OC,0Ax50Ta756V-fXEhPWVu6g|GDA-b20FYga8Sm1DrOXExg|LmVeafeA9XYEVIheL6YHug,m_1baa,0.015559222156608876,248
117,COc1ccc(N=c2scc(-c3cc(C)c(C)cc3C)n2N=Cc2cc(C)n(-c3ccc(Cl)cc3)c2C)cc1OC,0Ax50Ta756V-fXEhPWVu6g|GDA-b20FYga8Sm1DrOXExg|4_Q7n4f9xPHz0gG5K37c6Q,m_1baa,0.023744859718455302,221
118,COc1ccc(N=c2scc(-c3cc(C)n(-c4ccc(C)c(C)c4)c3C)n2N=Cc2cc(C)n(-c3ccc(Cl)cc3)c2C)cc1OC,0Ax50Ta756V-fXEhPWVu6g|GDA-b20FYga8Sm1DrOXExg|QpmKTajxI-q6v6b5bnS-gw,m_1baa,0.009576605533734295,273
119,COc1ccc(N=c2scc(-c3ccc(Cl)c(Cl)c3)n2N=Cc2cc(C)n(-c3ccc(Cl)cc3)c2C)cc1OC,0Ax50Ta756V-fXEhPWVu6g|GDA-b20FYga8Sm1DrOXExg|73wD9HEnDoluq0nA4KbZYQ,m_1baa,0.04042025806919014,170
120,COc1ccc(N=c2scc(-c3cc(Cl)ccc3Cl)n2N=Cc2c(C)nn(Cc3ccc(F)cc3)c2Cl)cc1OC,0Ax50Ta756V-fXEhPWVu6g|0C4WUcPTm0QAgEwCdUZ20g|cus1Oksm0VSDeU7jI86wkw,m_1baa,0.06405510336873022,129
121,COc1ccc(N=c2scc(-c3ccccc3Cl)n2N=Cc2c(C)nn(Cc3ccc(F)cc3)c2Cl)cc1OC,0Ax50Ta756V-fXEhPWVu6g|0C4WUcPTm0QAgEwCdUZ20g|LmVeafeA9XYEVIheL6YHug,m_1baa,0.034321478762993074,189
122,COc1ccc(N=c2scc(-c3cc(C)c(C)cc3C)n2N=Cc2c(C)nn(Cc3ccc(F)cc3)c2Cl)cc1OC,0Ax50Ta756V-fXEhPWVu6g|0C4WUcPTm0QAgEwCdUZ20g|4_Q7n4f9xPHz0gG5K37c6Q,m_1baa,0.04487319489560093,160
123,COc1ccc(N=c2scc(-c3cc(C)n(-c4ccc(C)c(C)c4)c3C)n2N=Cc2c(C)nn(Cc3ccc(F)cc3)c2Cl)cc1OC,0Ax50Ta756V-fXEhPWVu6g|0C4WUcPTm0QAgEwCdUZ20g|QpmKTajxI-q6v6b5bnS-gw,m_1baa,0.023954225802093276,220
124,COc1ccc(N=c2scc(-c3ccc(Cl)c(Cl)c3)n2N=Cc2c(C)nn(Cc3ccc(F)cc3)c2Cl)cc1OC,0Ax50Ta756V-fXEhPWVu6g|0C4WUcPTm0QAgEwCdUZ20g|73wD9HEnDoluq0nA4KbZYQ,m_1baa,0.07062490591715687,120
125,FC(F)Sc1ccc(N=c2scc(-c3cc(Cl)ccc3Cl)n2C2CCCCC2)cc1,7PrLMebrr-pkkJvQ0nvzfw|SegLijOzQgtBy-h8Cud_kQ|53dVOEmfFxUO0RMH9Hxohg,m_2baa,0.05909268449810057,137
126,Cc1ccc(-n2c(C)cc(-c3csc(=Nc4ccc(SC(F)F)cc4)n3C3CCCCC3)c2C)cc1C,7PrLMebrr-pkkJvQ0nvzfw|SegLijOzQgtBy-h8Cud_kQ|XAbq8ObXi1W1Qidz_Y4VxA,m_2baa,0.012700580034007203,259
127,FC(F)Sc1ccc(N=c2scc(-c3ccc(Cl)c(Cl)c3)n2C2CCCCC2)cc1,7PrLMebrr-pkkJvQ0nvzfw|SegLijOzQgtBy-h8Cud_kQ|k9tnFqouZoTM_4fhy-64cg,m_2baa,0.06832031347636303,122
128,FC(F)Oc1ccc(-c2csc(=Nc3ccc(SC(F)F)cc3)n2C2CCCCC2)cc1,7PrLMebrr-pkkJvQ0nvzfw|SegLijOzQgtBy-h8Cud_kQ|vothc5hacRCt0YvyFEbO_g,m_2baa,0.1158669579999696,77
129,COc1cc(-c2csc(=Nc3ccc(SC(F)F)cc3)n2C2CCCCC2)cc(OC)c1OC,7PrLMebrr-pkkJvQ0nvzfw|SegLijOzQgtBy-h8Cud_kQ|KNgxa6cxlK6sbaJdxq1jPA,m_2baa,0.13934678276928025,66
130,FC(F)Sc1ccc(N=c2scc(-c3cc(Cl)ccc3Cl)n2CC2CCCO2)cc1,7PrLMebrr-pkkJvQ0nvzfw|oxW3vx_VlTUdQePFJS5R7g|53dVOEmfFxUO0RMH9Hxohg,m_2baa,0.032055893326719875,193
131,Cc1ccc(-n2c(C)cc(-c3csc(=Nc4ccc(SC(F)F)cc4)n3CC3CCCO3)c2C)cc1C,7PrLMebrr-pkkJvQ0nvzfw|oxW3vx_VlTUdQePFJS5R7g|XAbq8ObXi1W1Qidz_Y4VxA,m_2baa,0.008197298963697808,278
132,FC(F)Sc1ccc(N=c2scc(-c3ccc(Cl)c(Cl)c3)n2CC2CCCO2)cc1,7PrLMebrr-pkkJvQ0nvzfw|oxW3vx_VlTUdQePFJS5R7g|k9tnFqouZoTM_4fhy-64cg,m_2baa,0.027534758230070233,204
133,FC(F)Oc1ccc(-c2csc(=Nc3ccc(SC(F)F)cc3)n2CC2CCCO2)cc1,7PrLMebrr-pkkJvQ0nvzfw|oxW3vx_VlTUdQePFJS5R7g|vothc5hacRCt0YvyFEbO_g,m_2baa,0.012515688043806497,260
134,COc1cc(-c2csc(=Nc3ccc(SC(F)F)cc3)n2CC2CCCO2)cc(OC)c1OC,7PrLMebrr-pkkJvQ0nvzfw|oxW3vx_VlTUdQePFJS5R7g|KNgxa6cxlK6sbaJdxq1jPA,m_2baa,0.035125153529392605,184
135,CCCn1c(-c2cc(Cl)ccc2Cl)csc1=Nc1ccc(SC(F)F)cc1,7PrLMebrr-pkkJvQ0nvzfw|42RtblMp9cxKMa7qyzIJdQ|53dVOEmfFxUO0RMH9Hxohg,m_2baa,0.08405864005524677,96
136,CCCn1c(-c2cc(C)n(-c3ccc(C)c(C)c3)c2C)csc1=Nc1ccc(SC(F)F)cc1,7PrLMebrr-pkkJvQ0nvzfw|42RtblMp9cxKMa7qyzIJdQ|XAbq8ObXi1W1Qidz_Y4VxA,m_2baa,0.02646931080917625,208
137,CCCn1c(-c2ccc(Cl)c(Cl)c2)csc1=Nc1ccc(SC(F)F)cc1,7PrLMebrr-pkkJvQ0nvzfw|42RtblMp9cxKMa7qyzIJdQ|k9tnFqouZoTM_4fhy-64cg,m_2baa,0.06732756517030225,123
138,CCCn1c(-c2ccc(OC(F)F)cc2)csc1=Nc1ccc(SC(F)F)cc1,7PrLMebrr-pkkJvQ0nvzfw|42RtblMp9cxKMa7qyzIJdQ|vothc5hacRCt0YvyFEbO_g,m_2baa,0.060724738912995235,134
139,CCCn1c(-c2cc(OC)c(OC)c(OC)c2)csc1=Nc1ccc(SC(F)F)cc1,7PrLMebrr-pkkJvQ0nvzfw|42RtblMp9cxKMa7qyzIJdQ|KNgxa6cxlK6sbaJdxq1jPA,m_2baa,0.12330356902748463,71
140,CCCCn1c(-c2cc(Cl)ccc2Cl)csc1=Nc1ccc(SC(F)F)cc1,7PrLMebrr-pkkJvQ0nvzfw|VIZz9FERbOVWPeSaVPI7qA|53dVOEmfFxUO0RMH9Hxohg,m_2baa,0.052479075266239406,146
141,CCCCn1c(-c2cc(C)n(-c3ccc(C)c(C)c3)c2C)csc1=Nc1ccc(SC(F)F)cc1,7PrLMebrr-pkkJvQ0nvzfw|VIZz9FERbOVWPeSaVPI7qA|XAbq8ObXi1W1Qidz_Y4VxA,m_2baa,0.02359720986825664,222
142,CCCCn1c(-c2ccc(Cl)c(Cl)c2)csc1=Nc1ccc(SC(F)F)cc1,7PrLMebrr-pkkJvQ0nvzfw|VIZz9FERbOVWPeSaVPI7qA|k9tnFqouZoTM_4fhy-64cg,m_2baa,0.04551451031120202,155
143,CCCCn1c(-c2ccc(OC(F)F)cc2)csc1=Nc1ccc(SC(F)F)cc1,7PrLMebrr-pkkJvQ0nvzfw|VIZz9FERbOVWPeSaVPI7qA|vothc5hacRCt0YvyFEbO_g,m_2baa,0.04261439324524385,166
144,CCCCn1c(-c2cc(OC)c(OC)c(OC)c2)csc1=Nc1ccc(SC(F)F)cc1,7PrLMebrr-pkkJvQ0nvzfw|VIZz9FERbOVWPeSaVPI7qA|KNgxa6cxlK6sbaJdxq1jPA,m_2baa,0.15501106239571527,58
145,COCCCn1c(-c2cc(Cl)ccc2Cl)csc1=Nc1ccc(SC(F)F)cc1,7PrLMebrr-pkkJvQ0nvzfw|oEx9Vb7wogPAsfp4FLnQ_w|53dVOEmfFxUO0RMH9Hxohg,m_2baa,0.047428340922817114,152
146,COCCCn1c(-c2cc(C)n(-c3ccc(C)c(C)c3)c2C)csc1=Nc1ccc(SC(F)F)cc1,7PrLMebrr-pkkJvQ0nvzfw|oEx9Vb7wogPAsfp4FLnQ_w|XAbq8ObXi1W1Qidz_Y4VxA,m_2baa,0.0211796307067047,228
147,COCCCn1c(-c2ccc(Cl)c(Cl)c2)csc1=Nc1ccc(SC(F)F)cc1,7PrLMebrr-pkkJvQ0nvzfw|oEx9Vb7wogPAsfp4FLnQ_w|k9tnFqouZoTM_4fhy-64cg,m_2baa,0.03588714212244781,182
148,COCCCn1c(-c2ccc(OC(F)F)cc2)csc1=Nc1ccc(SC(F)F)cc1,7PrLMebrr-pkkJvQ0nvzfw|oEx9Vb7wogPAsfp4FLnQ_w|vothc5hacRCt0YvyFEbO_g,m_2baa,0.025459116994348108,214
149,COCCCn1c(-c2cc(OC)c(OC)c(OC)c2)csc1=Nc1ccc(SC(F)F)cc1,7PrLMebrr-pkkJvQ0nvzfw|oEx9Vb7wogPAsfp4FLnQ_w|KNgxa6cxlK6sbaJdxq1jPA,m_2baa,0.06424514370542056,128
150,Cc1cccc(C)c1N=c1scc(-c2cc(Cl)ccc2Cl)n1C1CCCCC1,LREup5W2hloBctE-0cvabA|SegLijOzQgtBy-h8Cud_kQ|53dVOEmfFxUO0RMH9Hxohg,m_2baa,0.0451082120900822,157
151,Cc1ccc(-n2c(C)cc(-c3csc(=Nc4c(C)cccc4C)n3C3CCCCC3)c2C)cc1C,LREup5W2hloBctE-0cvabA|SegLijOzQgtBy-h8Cud_kQ|XAbq8ObXi1W1Qidz_Y4VxA,m_2baa,0.006421448702315757,290
152,Cc1cccc(C)c1N=c1scc(-c2ccc(Cl)c(Cl)c2)n1C1CCCCC1,LREup5W2hloBctE-0cvabA|SegLijOzQgtBy-h8Cud_kQ|k9tnFqouZoTM_4fhy-64cg,m_2baa,0.040361762325736295,171
153,Cc1cccc(C)c1N=c1scc(-c2ccc(OC(F)F)cc2)n1C1CCCCC1,LREup5W2hloBctE-0cvabA|SegLijOzQgtBy-h8Cud_kQ|vothc5hacRCt0YvyFEbO_g,m_2baa,0.03195744877080409,194
154,COc1cc(-c2csc(=Nc3c(C)cccc3C)n2C2CCCCC2)cc(OC)c1OC,LREup5W2hloBctE-0cvabA|SegLijOzQgtBy-h8Cud_kQ|KNgxa6cxlK6sbaJdxq1jPA,m_2baa,0.044734114074799436,162
155,Cc1cccc(C)c1N=c1scc(-c2cc(Cl)ccc2Cl)n1CC1CCCO1,LREup5W2hloBctE-0cvabA|oxW3vx_VlTUdQePFJS5R7g|53dVOEmfFxUO0RMH9Hxohg,m_2baa,0.009196848983461701,274
156,Cc1ccc(-n2c(C)cc(-c3csc(=Nc4c(C)cccc4C)n3CC3CCCO3)c2C)cc1C,LREup5W2hloBctE-0cvabA|oxW3vx_VlTUdQePFJS5R7g|XAbq8ObXi1W1Qidz_Y4VxA,m_2baa,0.003452586787316303,306
157,Cc1cccc(C)c1N=c1scc(-c2ccc(Cl)c(Cl)c2)n1CC1CCCO1,LREup5W2hloBctE-0cvabA|oxW3vx_VlTUdQePFJS5R7g|k9tnFqouZoTM_4fhy-64cg,m_2baa,0.01107517077027953,269
158,Cc1cccc(C)c1N=c1scc(-c2ccc(OC(F)F)cc2)n1CC1CCCO1,LREup5W2hloBctE-0cvabA|oxW3vx_VlTUdQePFJS5R7g|vothc5hacRCt0YvyFEbO_g,m_2baa,0.007012932638465219,286
159,COc1cc(-c2csc(=Nc3c(C)cccc3C)n2CC2CCCO2)cc(OC)c1OC,LREup5W2hloBctE-0cvabA|oxW3vx_VlTUdQePFJS5R7g|KNgxa6cxlK6sbaJdxq1jPA,m_2baa,0.0150084528525527,252
160,CCCn1c(-c2cc(Cl)ccc2Cl)csc1=Nc1c(C)cccc1C,LREup5W2hloBctE-0cvabA|42RtblMp9cxKMa7qyzIJdQ|53dVOEmfFxUO0RMH9Hxohg,m_2baa,0.04844400152431655,150
161,CCCn1c(-c2cc(C)n(-c3ccc(C)c(C)c3)c2C)csc1=Nc1c(C)cccc1C,LREup5W2hloBctE-0cvabA|42RtblMp9cxKMa7qyzIJdQ|XAbq8ObXi1W1Qidz_Y4VxA,m_2baa,0.011453507213182945,268
162,CCCn1c(-c2ccc(Cl)c(Cl)c2)csc1=Nc1c(C)cccc1C,LREup5W2hloBctE-0cvabA|42RtblMp9cxKMa7qyzIJdQ|k9tnFqouZoTM_4fhy-64cg,m_2baa,0.05451837710653762,143
163,CCCn1c(-c2ccc(OC(F)F)cc2)csc1=Nc1c(C)cccc1C,LREup5W2hloBctE-0cvabA|42RtblMp9cxKMa7qyzIJdQ|vothc5hacRCt0YvyFEbO_g,m_2baa,0.026429506595168573,210
164,CCCn1c(-c2cc(OC)c(OC)c(OC)c2)csc1=Nc1c(C)cccc1C,LREup5W2hloBctE-0cvabA|42RtblMp9cxKMa7qyzIJdQ|KNgxa6cxlK6sbaJdxq1jPA,m_2baa,0.043783084805795625,164
165,CCCCn1c(-c2cc(Cl)ccc2Cl)csc1=Nc1c(C)cccc1C,LREup5W2hloBctE-0cvabA|VIZz9FERbOVWPeSaVPI7qA|53dVOEmfFxUO0RMH9Hxohg,m_2baa,0.033659110449834564,192
166,CCCCn1c(-c2cc(C)n(-c3ccc(C)c(C)c3)c2C)csc1=Nc1c(C)cccc1C,LREup5W2hloBctE-0cvabA|VIZz9FERbOVWPeSaVPI7qA|XAbq8ObXi1W1Qidz_Y4VxA,m_2baa,0.009656763300608162,272
167,CCCCn1c(-c2ccc(Cl)c(Cl)c2)csc1=Nc1c(C)cccc1C,LREup5W2hloBctE-0cvabA|VIZz9FERbOVWPeSaVPI7qA|k9tnFqouZoTM_4fhy-64cg,m_2baa,0.03936192265365837,175
168,CCCCn1c(-c2ccc(OC(F)F)cc2)csc1=Nc1c(C)cccc1C,LREup5W2hloBctE-0cvabA|VIZz9FERbOVWPeSaVPI7qA|vothc5hacRCt0YvyFEbO_g,m_2baa,0.019510144313499345,233
169,CCCCn1c(-c2cc(OC)c(OC)c(OC)c2)csc1=Nc1c(C)cccc1C,LREup5W2hloBctE-0cvabA|VIZz9FERbOVWPeSaVPI7qA|KNgxa6cxlK6sbaJdxq1jPA,m_2baa,0.03431272221101267,190
170,COCCCn1c(-c2cc(Cl)ccc2Cl)csc1=Nc1c(C)cccc1C,LREup5W2hloBctE-0cvabA|oEx9Vb7wogPAsfp4FLnQ_w|53dVOEmfFxUO0RMH9Hxohg,m_2baa,0.017897080860840214,242
171,COCCCn1c(-c2cc(C)n(-c3ccc(C)c(C)c3)c2C)csc1=Nc1c(C)cccc1C,LREup5W2hloBctE-0cvabA|oEx9Vb7wogPAsfp4FLnQ_w|XAbq8ObXi1W1Qidz_Y4VxA,m_2baa,0.011725666218389108,265
172,COCCCn1c(-c2ccc(Cl)c(Cl)c2)csc1=Nc1c(C)cccc1C,LREup5W2hloBctE-0cvabA|oEx9Vb7wogPAsfp4FLnQ_w|k9tnFqouZoTM_4fhy-64cg,m_2baa,0.028962541269137,197
173,COCCCn1c(-c2ccc(OC(F)F)cc2)csc1=Nc1c(C)cccc1C,LREup5W2hloBctE-0cvabA|oEx9Vb7wogPAsfp4FLnQ_w|vothc5hacRCt0YvyFEbO_g,m_2baa,0.014376987869834802,255
174,COCCCn1c(-c2cc(OC)c(OC)c(OC)c2)csc1=Nc1c(C)cccc1C,LREup5W2hloBctE-0cvabA|oEx9Vb7wogPAsfp4FLnQ_w|KNgxa6cxlK6sbaJdxq1jPA,m_2baa,0.024390944803997172,218
175,Fc1ccccc1N=c1scc(-c2cc(Cl)ccc2Cl)n1C1CCCCC1,e3S_g8KCHN_6mO7hgNq9BA|SegLijOzQgtBy-h8Cud_kQ|53dVOEmfFxUO0RMH9Hxohg,m_2baa,0.15745297853414542,54
176,Cc1ccc(-n2c(C)cc(-c3csc(=Nc4ccccc4F)n3C3CCCCC3)c2C)cc1C,e3S_g8KCHN_6mO7hgNq9BA|SegLijOzQgtBy-h8Cud_kQ|XAbq8ObXi1W1Qidz_Y4VxA,m_2baa,0.022822367918479358,223
177,Fc1ccccc1N=c1scc(-c2ccc(Cl)c(Cl)c2)n1C1CCCCC1,e3S_g8KCHN_6mO7hgNq9BA|SegLijOzQgtBy-h8Cud_kQ|k9tnFqouZoTM_4fhy-64cg,m_2baa,0.12242142223925967,72
178,Fc1ccccc1N=c1scc(-c2ccc(OC(F)F)cc2)n1C1CCCCC1,e3S_g8KCHN_6mO7hgNq9BA|SegLijOzQgtBy-h8Cud_kQ|vothc5hacRCt0YvyFEbO_g,m_2baa,0.155633122045856,57
179,COc1cc(-c2csc(=Nc3ccccc3F)n2C2CCCCC2)cc(OC)c1OC,e3S_g8KCHN_6mO7hgNq9BA|SegLijOzQgtBy-h8Cud_kQ|KNgxa6cxlK6sbaJdxq1jPA,m_2baa,0.2472740816701844,28
180,Fc1ccccc1N=c1scc(-c2cc(Cl)ccc2Cl)n1CC1CCCO1,e3S_g8KCHN_6mO7hgNq9BA|oxW3vx_VlTUdQePFJS5R7g|53dVOEmfFxUO0RMH9Hxohg,m_2baa,0.04214917747078878,167
181,Cc1ccc(-n2c(C)cc(-c3csc(=Nc4ccccc4F)n3CC3CCCO3)c2C)cc1C,e3S_g8KCHN_6mO7hgNq9BA|oxW3vx_VlTUdQePFJS5R7g|XAbq8ObXi1W1Qidz_Y4VxA,m_2baa,0.007958711615022485,279
182,Fc1ccccc1N=c1scc(-c2ccc(Cl)c(Cl)c2)n1CC1CCCO1,e3S_g8KCHN_6mO7hgNq9BA|oxW3vx_VlTUdQePFJS5R7g|k9tnFqouZoTM_4fhy-64cg,m_2baa,0.03396848998862845,191
183,Fc1ccccc1N=c1scc(-c2ccc(OC(F)F)cc2)n1CC1CCCO1,e3S_g8KCHN_6mO7hgNq9BA|oxW3vx_VlTUdQePFJS5R7g|vothc5hacRCt0YvyFEbO_g,m_2baa,0.026722424177371362,207
184,COc1cc(-c2csc(=Nc3ccccc3F)n2CC2CCCO2)cc(OC)c1OC,e3S_g8KCHN_6mO7hgNq9BA|oxW3vx_VlTUdQePFJS5R7g|KNgxa6cxlK6sbaJdxq1jPA,m_2baa,0.04485306152322721,161
185,CCCn1c(-c2cc(Cl)ccc2Cl)csc1=Nc1ccccc1F,e3S_g8KCHN_6mO7hgNq9BA|42RtblMp9cxKMa7qyzIJdQ|53dVOEmfFxUO0RMH9Hxohg,m_2baa,0.19190359416918312,38
186,CCCn1c(-c2cc(C)n(-c3ccc(C)c(C)c3)c2C)csc1=Nc1ccccc1F,e3S_g8KCHN_6mO7hgNq9BA|42RtblMp9cxKMa7qyzIJdQ|XAbq8ObXi1W1Qidz_Y4VxA,m_2baa,0.03885163965441052,176
187,CCCn1c(-c2ccc(Cl)c(Cl)c2)csc1=Nc1ccccc1F,e3S_g8KCHN_6mO7hgNq9BA|42RtblMp9cxKMa7qyzIJdQ|k9tnFqouZoTM_4fhy-64cg,m_2baa,0.17065722046095289,50
188,CCCn1c(-c2ccc(OC(F)F)cc2)csc1=Nc1ccccc1F,e3S_g8KCHN_6mO7hgNq9BA|42RtblMp9cxKMa7qyzIJdQ|vothc5hacRCt0YvyFEbO_g,m_2baa,0.15672824798571128,56
189,CCCn1c(-c2cc(OC)c(OC)c(OC)c2)csc1=Nc1ccccc1F,e3S_g8KCHN_6mO7hgNq9BA|42RtblMp9cxKMa7qyzIJdQ|KNgxa6cxlK6sbaJdxq1jPA,m_2baa,0.10244090972969389,85
190,CCCCn1c(-c2cc(Cl)ccc2Cl)csc1=Nc1ccccc1F,e3S_g8KCHN_6mO7hgNq9BA|VIZz9FERbOVWPeSaVPI7qA|53dVOEmfFxUO0RMH9Hxohg,m_2baa,0.08437142497147476,95
191,CCCCn1c(-c2cc(C)n(-c3ccc(C)c(C)c3)c2C)csc1=Nc1ccccc1F,e3S_g8KCHN_6mO7hgNq9BA|VIZz9FERbOVWPeSaVPI7qA|XAbq8ObXi1W1Qidz_Y4VxA,m_2baa,0.02825552374451945,201
192,CCCCn1c(-c2ccc(Cl)c(Cl)c2)csc1=Nc1ccccc1F,e3S_g8KCHN_6mO7hgNq9BA|VIZz9FERbOVWPeSaVPI7qA|k9tnFqouZoTM_4fhy-64cg,m_2baa,0.07817796628307239,105
193,CCCCn1c(-c2ccc(OC(F)F)cc2)csc1=Nc1ccccc1F,e3S_g8KCHN_6mO7hgNq9BA|VIZz9FERbOVWPeSaVPI7qA|vothc5hacRCt0YvyFEbO_g,m_2baa,0.08225857021906613,98
194,CCCCn1c(-c2cc(OC)c(OC)c(OC)c2)csc1=Nc1ccccc1F,e3S_g8KCHN_6mO7hgNq9BA|VIZz9FERbOVWPeSaVPI7qA|KNgxa6cxlK6sbaJdxq1jPA,m_2baa,0.13299723096724847,68
195,COCCCn1c(-c2cc(Cl)ccc2Cl)csc1=Nc1ccccc1F,e3S_g8KCHN_6mO7hgNq9BA|oEx9Vb7wogPAsfp4FLnQ_w|53dVOEmfFxUO0RMH9Hxohg,m_2baa,0.1086453146586095,82
196,COCCCn1c(-c2cc(C)n(-c3ccc(C)c(C)c3)c2C)csc1=Nc1ccccc1F,e3S_g8KCHN_6mO7hgNq9BA|oEx9Vb7wogPAsfp4FLnQ_w|XAbq8ObXi1W1Qidz_Y4VxA,m_2baa,0.018857298158813762,236
197,COCCCn1c(-c2ccc(Cl)c(Cl)c2)csc1=Nc1ccccc1F,e3S_g8KCHN_6mO7hgNq9BA|oEx9Vb7wogPAsfp4FLnQ_w|k9tnFqouZoTM_4fhy-64cg,m_2baa,0.07831452442604814,104
198,COCCCn1c(-c2ccc(OC(F)F)cc2)csc1=Nc1ccccc1F,e3S_g8KCHN_6mO7hgNq9BA|oEx9Vb7wogPAsfp4FLnQ_w|vothc5hacRCt0YvyFEbO_g,m_2baa,0.04405966695327734,163
199,COCCCn1c(-c2cc(OC)c(OC)c(OC)c2)csc1=Nc1ccccc1F,e3S_g8KCHN_6mO7hgNq9BA|oEx9Vb7wogPAsfp4FLnQ_w|KNgxa6cxlK6sbaJdxq1jPA,m_2baa,0.10028575991714206,86
200,Cc1cccc(N=c2scc(-c3cc(Cl)ccc3Cl)n2C2CCCCC2)c1,CUgxJa4SJqGPP9efZMSYHQ|SegLijOzQgtBy-h8Cud_kQ|53dVOEmfFxUO0RMH9Hxohg,m_2baa,0.11844406431952148,75
201,Cc1cccc(N=c2scc(-c3cc(C)n(-c4ccc(C)c(C)c4)c3C)n2C2CCCCC2)c1,CUgxJa4SJqGPP9efZMSYHQ|SegLijOzQgtBy-h8Cud_kQ|XAbq8ObXi1W1Qidz_Y4VxA,m_2baa,0.012361250541857771,261
202,Cc1cccc(N=c2scc(-c3ccc(Cl)c(Cl)c3)n2C2CCCCC2)c1,CUgxJa4SJqGPP9efZMSYHQ|SegLijOzQgtBy-h8Cud_kQ|k9tnFqouZoTM_4fhy-64cg,m_2baa,0.07282975856292762,114
203,Cc1cccc(N=c2scc(-c3ccc(OC(F)F)cc3)n2C2CCCCC2)c1,CUgxJa4SJqGPP9efZMSYHQ|SegLijOzQgtBy-h8Cud_kQ|vothc5hacRCt0YvyFEbO_g,m_2baa,0.0703284136401976,121
204,COc1cc(-c2csc(=Nc3cccc(C)c3)n2C2CCCCC2)cc(OC)c1OC,CUgxJa4SJqGPP9efZMSYHQ|SegLijOzQgtBy-h8Cud_kQ|KNgxa6cxlK6sbaJdxq1jPA,m_2baa,0.16676984821242513,52
205,Cc1cccc(N=c2scc(-c3cc(Cl)ccc3Cl)n2CC2CCCO2)c1,CUgxJa4SJqGPP9efZMSYHQ|oxW3vx_VlTUdQePFJS5R7g|53dVOEmfFxUO0RMH9Hxohg,m_2baa,0.03106610178341351,195
206,Cc1cccc(N=c2scc(-c3cc(C)n(-c4ccc(C)c(C)c4)c3C)n2CC2CCCO2)c1,CUgxJa4SJqGPP9efZMSYHQ|oxW3vx_VlTUdQePFJS5R7g|XAbq8ObXi1W1Qidz_Y4VxA,m_2baa,0.006189506538666123,291
207,Cc1cccc(N=c2scc(-c3ccc(Cl)c(Cl)c3)n2CC2CCCO2)c1,CUgxJa4SJqGPP9efZMSYHQ|oxW3vx_VlTUdQePFJS5R7g|k9tnFqouZoTM_4fhy-64cg,m_2baa,0.01768877763525381,243
208,Cc1cccc(N=c2scc(-c3ccc(OC(F)F)cc3)n2CC2CCCO2)c1,CUgxJa4SJqGPP9efZMSYHQ|oxW3vx_VlTUdQePFJS5R7g|vothc5hacRCt0YvyFEbO_g,m_2baa,0.011757642486310053,263
209,COc1cc(-c2csc(=Nc3cccc(C)c3)n2CC2CCCO2)cc(OC)c1OC,CUgxJa4SJqGPP9efZMSYHQ|oxW3vx_VlTUdQePFJS5R7g|KNgxa6cxlK6sbaJdxq1jPA,m_2baa,0.020522185123589054,231
210,CCCn1c(-c2cc(Cl)ccc2Cl)csc1=Nc1cccc(C)c1,CUgxJa4SJqGPP9efZMSYHQ|42RtblMp9cxKMa7qyzIJdQ|53dVOEmfFxUO0RMH9Hxohg,m_2baa,0.14009062994732258,64
211,CCCn1c(-c2cc(C)n(-c3ccc(C)c(C)c3)c2C)csc1=Nc1cccc(C)c1,CUgxJa4SJqGPP9efZMSYHQ|42RtblMp9cxKMa7qyzIJdQ|XAbq8ObXi1W1Qidz_Y4VxA,m_2baa,0.02742883019936926,205
212,CCCn1c(-c2ccc(Cl)c(Cl)c2)csc1=Nc1cccc(C)c1,CUgxJa4SJqGPP9efZMSYHQ|42RtblMp9cxKMa7qyzIJdQ|k9tnFqouZoTM_4fhy-64cg,m_2baa,0.07628611085718151,107
213,CCCn1c(-c2ccc(OC(F)F)cc2)csc1=Nc1cccc(C)c1,CUgxJa4SJqGPP9efZMSYHQ|42RtblMp9cxKMa7qyzIJdQ|vothc5hacRCt0YvyFEbO_g,m_2baa,0.05556909463899373,140
214,CCCn1c(-c2cc(OC)c(OC)c(OC)c2)csc1=Nc1cccc(C)c1,CUgxJa4SJqGPP9efZMSYHQ|42RtblMp9cxKMa7qyzIJdQ|KNgxa6cxlK6sbaJdxq1jPA,m_2baa,0.10540483794284228,84
215,CCCCn1c(-c2cc(Cl)ccc2Cl)csc1=Nc1cccc(C)c1,CUgxJa4SJqGPP9efZMSYHQ|VIZz9FERbOVWPeSaVPI7qA|53dVOEmfFxUO0RMH9Hxohg,m_2baa,0.07381071824221859,112
216,CCCCn1c(-c2cc(C)n(-c3ccc(C)c(C)c3)c2C)csc1=Nc1cccc(C)c1,CUgxJa4SJqGPP9efZMSYHQ|VIZz9FERbOVWPeSaVPI7qA|XAbq8ObXi1W1Qidz_Y4VxA,m_2baa,0.021613002412493643,226
217,CCCCn1c(-c2ccc(Cl)c(Cl)c2)csc1=Nc1cccc(C)c1,CUgxJa4SJqGPP9efZMSYHQ|VIZz9FERbOVWPeSaVPI7qA|k9tnFqouZoTM_4fhy-64cg,m_2baa,0.040339036443381736,172
218,CCCCn1c(-c2ccc(OC(F)F)cc2)csc1=Nc1cccc(C)c1,CUgxJa4SJqGPP9efZMSYHQ|VIZz9FERbOVWPeSaVPI7qA|vothc5hacRCt0YvyFEbO_g,m_2baa,0.0344189554814589,187
219,CCCCn1c(-c2cc(OC)c(OC)c(OC)c2)csc1=Nc1cccc(C)c1,CUgxJa4SJqGPP9efZMSYHQ|VIZz9FERbOVWPeSaVPI7qA|KNgxa6cxlK6sbaJdxq1jPA,m_2baa,0.11603353542159311,76
220,COCCCn1c(-c2cc(Cl)ccc2Cl)csc1=Nc1cccc(C)c1,CUgxJa4SJqGPP9efZMSYHQ|oEx9Vb7wogPAsfp4FLnQ_w|53dVOEmfFxUO0RMH9Hxohg,m_2baa,0.06553640112774028,124
221,COCCCn1c(-c2cc(C)n(-c3ccc(C)c(C)c3)c2C)csc1=Nc1cccc(C)c1,CUgxJa4SJqGPP9efZMSYHQ|oEx9Vb7wogPAsfp4FLnQ_w|XAbq8ObXi1W1Qidz_Y4VxA,m_2baa,0.020994439000361353,229
222,COCCCn1c(-c2ccc(Cl)c(Cl)c2)csc1=Nc1cccc(C)c1,CUgxJa4SJqGPP9efZMSYHQ|oEx9Vb7wogPAsfp4FLnQ_w|k9tnFqouZoTM_4fhy-64cg,m_2baa,0.028455920406025625,199
223,COCCCn1c(-c2ccc(OC(F)F)cc2)csc1=Nc1cccc(C)c1,CUgxJa4SJqGPP9efZMSYHQ|oEx9Vb7wogPAsfp4FLnQ_w|vothc5hacRCt0YvyFEbO_g,m_2baa,0.015809048039434725,247
224,COCCCn1c(-c2cc(OC)c(OC)c(OC)c2)csc1=Nc1cccc(C)c1,CUgxJa4SJqGPP9efZMSYHQ|oEx9Vb7wogPAsfp4FLnQ_w|KNgxa6cxlK6sbaJdxq1jPA,m_2baa,0.05801630894620757,138
225,Cc1ccc(C)c(N=c2scc(-c3cc(Cl)ccc3Cl)n2C2CCCCC2)c1,WAb2atS0ZoqZyPQPcd-WCA|SegLijOzQgtBy-h8Cud_kQ|53dVOEmfFxUO0RMH9Hxohg,m_2baa,0.046197501416245394,153
226,Cc1ccc(C)c(N=c2scc(-c3cc(C)n(-c4ccc(C)c(C)c4)c3C)n2C2CCCCC2)c1,WAb2atS0ZoqZyPQPcd-WCA|SegLijOzQgtBy-h8Cud_kQ|XAbq8ObXi1W1Qidz_Y4VxA,m_2baa,0.008487175287882565,277
227,Cc1ccc(C)c(N=c2scc(-c3ccc(Cl)c(Cl)c3)n2C2CCCCC2)c1,WAb2atS0ZoqZyPQPcd-WCA|SegLijOzQgtBy-h8Cud_kQ|k9tnFqouZoTM_4fhy-64cg,m_2baa,0.036859171822438065,181
228,Cc1ccc(C)c(N=c2scc(-c3ccc(OC(F)F)cc3)n2C2CCCCC2)c1,WAb2atS0ZoqZyPQPcd-WCA|SegLijOzQgtBy-h8Cud_kQ|vothc5hacRCt0YvyFEbO_g,m_2baa,0.0408782195577686,169
229,COc1cc(-c2csc(=Nc3cc(C)ccc3C)n2C2CCCCC2)cc(OC)c1OC,WAb2atS0ZoqZyPQPcd-WCA|SegLijOzQgtBy-h8Cud_kQ|KNgxa6cxlK6sbaJdxq1jPA,m_2baa,0.1380536867363844,67
230,Cc1ccc(C)c(N=c2scc(-c3cc(Cl)ccc3Cl)n2CC2CCCO2)c1,WAb2atS0ZoqZyPQPcd-WCA|oxW3vx_VlTUdQePFJS5R7g|53dVOEmfFxUO0RMH9Hxohg,m_2baa,0.017036470173813358,245
231,Cc1ccc(C)c(N=c2scc(-c3cc(C)n(-c4ccc(C)c(C)c4)c3C)n2CC2CCCO2)c1,WAb2atS0ZoqZyPQPcd-WCA|oxW3vx_VlTUdQePFJS5R7g|XAbq8ObXi1W1Qidz_Y4VxA,m_2baa,0.0049291579472079405,295
232,Cc1ccc(C)c(N=c2scc(-c3ccc(Cl)c(Cl)c3)n2CC2CCCO2)c1,WAb2atS0ZoqZyPQPcd-WCA|oxW3vx_VlTUdQePFJS5R7g|k9tnFqouZoTM_4fhy-64cg,m_2baa,0.014190473553314445,256
233,Cc1ccc(C)c(N=c2scc(-c3ccc(OC(F)F)cc3)n2CC2CCCO2)c1,WAb2atS0ZoqZyPQPcd-WCA|oxW3vx_VlTUdQePFJS5R7g|vothc5hacRCt0YvyFEbO_g,m_2baa,0.010663145523524957,271
234,COc1cc(-c2csc(=Nc3cc(C)ccc3C)n2CC2CCCO2)cc(OC)c1OC,WAb2atS0ZoqZyPQPcd-WCA|oxW3vx_VlTUdQePFJS5R7g|KNgxa6cxlK6sbaJdxq1jPA,m_2baa,0.027971284470794444,202
235,CCCn1c(-c2cc(Cl)ccc2Cl)csc1=Nc1cc(C)ccc1C,WAb2atS0ZoqZyPQPcd-WCA|42RtblMp9cxKMa7qyzIJdQ|53dVOEmfFxUO0RMH9Hxohg,m_2baa,0.07092247842067745,119
236,CCCn1c(-c2cc(C)n(-c3ccc(C)c(C)c3)c2C)csc1=Nc1cc(C)ccc1C,WAb2atS0ZoqZyPQPcd-WCA|42RtblMp9cxKMa7qyzIJdQ|XAbq8ObXi1W1Qidz_Y4VxA,m_2baa,0.018658137543752673,237
237,CCCn1c(-c2ccc(Cl)c(Cl)c2)csc1=Nc1cc(C)ccc1C,WAb2atS0ZoqZyPQPcd-WCA|42RtblMp9cxKMa7qyzIJdQ|k9tnFqouZoTM_4fhy-64cg,m_2baa,0.05513332841961116,142
238,CCCn1c(-c2ccc(OC(F)F)cc2)csc1=Nc1cc(C)ccc1C,WAb2atS0ZoqZyPQPcd-WCA|42RtblMp9cxKMa7qyzIJdQ|vothc5hacRCt0YvyFEbO_g,m_2baa,0.0460883061407209,154
239,CCCn1c(-c2cc(OC)c(OC)c(OC)c2)csc1=Nc1cc(C)ccc1C,WAb2atS0ZoqZyPQPcd-WCA|42RtblMp9cxKMa7qyzIJdQ|KNgxa6cxlK6sbaJdxq1jPA,m_2baa,0.13977295975200832,65
240,CCCCn1c(-c2cc(Cl)ccc2Cl)csc1=Nc1cc(C)ccc1C,WAb2atS0ZoqZyPQPcd-WCA|VIZz9FERbOVWPeSaVPI7qA|53dVOEmfFxUO0RMH9Hxohg,m_2baa,0.04279766221892464,165
241,CCCCn1c(-c2cc(C)n(-c3ccc(C)c(C)c3)c2C)csc1=Nc1cc(C)ccc1C,WAb2atS0ZoqZyPQPcd-WCA|VIZz9FERbOVWPeSaVPI7qA|XAbq8ObXi1W1Qidz_Y4VxA,m_2baa,0.01478217681844285,253
242,CCCCn1c(-c2ccc(Cl)c(Cl)c2)csc1=Nc1cc(C)ccc1C,WAb2atS0ZoqZyPQPcd-WCA|VIZz9FERbOVWPeSaVPI7qA|k9tnFqouZoTM_4fhy-64cg,m_2baa,0.03723131003776705,179
243,CCCCn1c(-c2ccc(OC(F)F)cc2)csc1=Nc1cc(C)ccc1C,WAb2atS0ZoqZyPQPcd-WCA|VIZz9FERbOVWPeSaVPI7qA|vothc5hacRCt0YvyFEbO_g,m_2baa,0.027759174194954106,203
244,CCCCn1c(-c2cc(OC)c(OC)c(OC)c2)csc1=Nc1cc(C)ccc1C,WAb2atS0ZoqZyPQPcd-WCA|VIZz9FERbOVWPeSaVPI7qA|KNgxa6cxlK6sbaJdxq1jPA,m_2baa,0.11292832312756218,78
245,COCCCn1c(-c2cc(Cl)ccc2Cl)csc1=Nc1cc(C)ccc1C,WAb2atS0ZoqZyPQPcd-WCA|oEx9Vb7wogPAsfp4FLnQ_w|53dVOEmfFxUO0RMH9Hxohg,m_2baa,0.034637535765510874,186
246,COCCCn1c(-c2cc(C)n(-c3ccc(C)c(C)c3)c2C)csc1=Nc1cc(C)ccc1C,WAb2atS0ZoqZyPQPcd-WCA|oEx9Vb7wogPAsfp4FLnQ_w|XAbq8ObXi1W1Qidz_Y4VxA,m_2baa,0.01801000658110752,241
247,COCCCn1c(-c2ccc(Cl)c(Cl)c2)csc1=Nc1cc(C)ccc1C,WAb2atS0ZoqZyPQPcd-WCA|oEx9Vb7wogPAsfp4FLnQ_w|k9tnFqouZoTM_4fhy-64cg,m_2baa,0.03072077221414382,196
248,COCCCn1c(-c2ccc(OC(F)F)cc2)csc1=Nc1cc(C)ccc1C,WAb2atS0ZoqZyPQPcd-WCA|oEx9Vb7wogPAsfp4FLnQ_w|vothc5hacRCt0YvyFEbO_g,m_2baa,0.018348362329701384,239
249,COCCCn1c(-c2cc(OC)c(OC)c(OC)c2)csc1=Nc1cc(C)ccc1C,WAb2atS0ZoqZyPQPcd-WCA|oEx9Vb7wogPAsfp4FLnQ_w|KNgxa6cxlK6sbaJdxq1jPA,m_2baa,0.06385308417793567,130
250,C(=Cc1cccs1)c1ccc2ccccc2n1,WXQhikQbsK-d42o8N04fBQ|f1WkLqspgyRJZFfb3K1t0Q,m_6bba,0.018608216173277015,238
251,C(=Cc1ccc2ccccc2n1)c1cccnc1,WXQhikQbsK-d42o8N04fBQ|zlXvSI48H65c9Xtad9vX_g,m_6bba,0.015339938262513897,250
252,C(=Cc1ccc2ccccc2n1)c1ccccc1,WXQhikQbsK-d42o8N04fBQ|OrXcghuV0WppKvUkgiMX_Q,m_6bba,0.02014271074381213,232
253,Oc1ccc(C=Cc2ccc3ccccc3n2)cc1,WXQhikQbsK-d42o8N04fBQ|LcIkCB1WGaHRIk12UvmQnw,m_6bba,0.018861410616409557,234
254,CCCCCCCCOc1ccc(C=Cc2ccc3ccccc3n2)cc1,WXQhikQbsK-d42o8N04fBQ|kPolYcF_LPAhg9o0s94EKA,m_6bba,0.022311582264784136,224
255,O=C(C=Cc1cccs1)c1ccc(Br)cc1,ABwZbsDRvq20XYJ8qJAtZw|f1WkLqspgyRJZFfb3K1t0Q,m_6bba,0.04013331749774807,174
256,O=C(C=Cc1cccnc1)c1ccc(Br)cc1,ABwZbsDRvq20XYJ8qJAtZw|zlXvSI48H65c9Xtad9vX_g,m_6bba,0.02847118225054146,198
257,O=C(C=Cc1ccccc1)c1ccc(Br)cc1,ABwZbsDRvq20XYJ8qJAtZw|OrXcghuV0WppKvUkgiMX_Q,m_6bba,0.035236922911281,183
258,O=C(C=Cc1ccc(O)cc1)c1ccc(Br)cc1,ABwZbsDRvq20XYJ8qJAtZw|LcIkCB1WGaHRIk12UvmQnw,m_6bba,0.0284008556633637,200
259,CCCCCCCCOc1ccc(C=CC(=O)c2ccc(Br)cc2)cc1,ABwZbsDRvq20XYJ8qJAtZw|kPolYcF_LPAhg9o0s94EKA,m_6bba,0.02200758028282601,225
260,O=C(C=Cc1cccs1)c1ccccc1,O73Ou4yJ0DsWk2PGmJWLYA|f1WkLqspgyRJZFfb3K1t0Q,m_6bba,0.024947687267740548,216
261,O=C(C=Cc1cccnc1)c1ccccc1,O73Ou4yJ0DsWk2PGmJWLYA|zlXvSI48H65c9Xtad9vX_g,m_6bba,0.013483629232268868,257
262,O=C(C=Cc1ccccc1)c1ccccc1,O73Ou4yJ0DsWk2PGmJWLYA|OrXcghuV0WppKvUkgiMX_Q,m_6bba,0.015995418335023714,246
263,O=C(C=Cc1ccc(O)cc1)c1ccccc1,O73Ou4yJ0DsWk2PGmJWLYA|LcIkCB1WGaHRIk12UvmQnw,m_6bba,0.024801328867397388,217
264,CCCCCCCCOc1ccc(C=CC(=O)c2ccccc2)cc1,O73Ou4yJ0DsWk2PGmJWLYA|kPolYcF_LPAhg9o0s94EKA,m_6bba,0.01319454748574364,258
265,O=C(C=Cc1cccs1)c1cccc(Br)c1,xlme4yXmW6QS871Ivwvm9Q|f1WkLqspgyRJZFfb3K1t0Q,m_6bba,0.02694401977879579,206
266,O=C(C=Cc1cccnc1)c1cccc(Br)c1,xlme4yXmW6QS871Ivwvm9Q|zlXvSI48H65c9Xtad9vX_g,m_6bba,0.018344544102092186,240
267,O=C(C=Cc1ccccc1)c1cccc(Br)c1,xlme4yXmW6QS871Ivwvm9Q|OrXcghuV0WppKvUkgiMX_Q,m_6bba,0.024231740520804124,219
268,O=C(C=Cc1ccc(O)cc1)c1cccc(Br)c1,xlme4yXmW6QS871Ivwvm9Q|LcIkCB1WGaHRIk12UvmQnw,m_6bba,0.025398833772726448,215
269,CCCCCCCCOc1ccc(C=CC(=O)c2cccc(Br)c2)cc1,xlme4yXmW6QS871Ivwvm9Q|kPolYcF_LPAhg9o0s94EKA,m_6bba,0.015367165553704043,249
270,Cc1ccc(C(=O)C=Cc2cccs2)cc1,9YEV2gbYgWtSKakWDmw1Yg|f1WkLqspgyRJZFfb3K1t0Q,m_6bba,0.010688391381563633,270
271,Cc1ccc(C(=O)C=Cc2cccnc2)cc1,9YEV2gbYgWtSKakWDmw1Yg|zlXvSI48H65c9Xtad9vX_g,m_6bba,0.004768661609574565,299
272,Cc1ccc(C(=O)C=Cc2ccccc2)cc1,9YEV2gbYgWtSKakWDmw1Yg|OrXcghuV0WppKvUkgiMX_Q,m_6bba,0.007240844371608546,284
273,Cc1ccc(C(=O)C=Cc2ccc(O)cc2)cc1,9YEV2gbYgWtSKakWDmw1Yg|LcIkCB1WGaHRIk12UvmQnw,m_6bba,0.007566198176348848,281
274,CCCCCCCCOc1ccc(C=CC(=O)c2ccc(C)cc2)cc1,9YEV2gbYgWtSKakWDmw1Yg|kPolYcF_LPAhg9o0s94EKA,m_6bba,0.018859977556485275,235
275,c1ccc(-c2cn(Cc3cccs3)nn2)cc1,0pKUEBdkYr03wVUWaqpTCQ|Pz_xOlQEvt1r3cN4SLcXUg,m_273910baa,0.005277988434761939,294
276,CC(=O)c1cn(Cc2cccs2)nn1,0pKUEBdkYr03wVUWaqpTCQ|8Z7BIrB8H8nwGPIYrfr_ag,m_273910baa,0.011759698539755448,262
277,OCc1cn(Cc2cccs2)nn1,0pKUEBdkYr03wVUWaqpTCQ|9W_VQruXrVB2zjTgKl2g-A,m_273910baa,0.02085652722280429,230
278,CCOC(=O)c1cn(Cc2cccs2)nn1,0pKUEBdkYr03wVUWaqpTCQ|CTZohh-6sxoCLTjBDQ_Kvg,m_273910baa,0.007861541304347242,280
279,COC(=O)c1cn(Cc2cccs2)nn1,0pKUEBdkYr03wVUWaqpTCQ|BE4vGy_JmSHUEdWwBNTSXw,m_273910baa,0.011471935990130078,267
280,c1ccc(Cn2cc(-c3ccccc3)nn2)cc1,MtArWUSveLC2iBV-xzt8Yw|Pz_xOlQEvt1r3cN4SLcXUg,m_273910baa,0.0023385975076504195,313
281,CC(=O)c1cn(Cc2ccccc2)nn1,MtArWUSveLC2iBV-xzt8Yw|8Z7BIrB8H8nwGPIYrfr_ag,m_273910baa,0.008584833833879202,275
282,OCc1cn(Cc2ccccc2)nn1,MtArWUSveLC2iBV-xzt8Yw|9W_VQruXrVB2zjTgKl2g-A,m_273910baa,0.008532634749826684,276
283,CCOC(=O)c1cn(Cc2ccccc2)nn1,MtArWUSveLC2iBV-xzt8Yw|CTZohh-6sxoCLTjBDQ_Kvg,m_273910baa,0.005753658904477987,293
284,COC(=O)c1cn(Cc2ccccc2)nn1,MtArWUSveLC2iBV-xzt8Yw|BE4vGy_JmSHUEdWwBNTSXw,m_273910baa,0.00729363486470902,283
285,CC(C)(C)OC(=O)N1CCC(n2cc(-c3ccccc3)nn2)CC1,G7KtP54Jc4Udq4IE57UScA|Pz_xOlQEvt1r3cN4SLcXUg,m_273910baa,0.0004235307186572712,403
286,CC(=O)c1cn(C2CCN(C(=O)OC(C)(C)C)CC2)nn1,G7KtP54Jc4Udq4IE57UScA|8Z7BIrB8H8nwGPIYrfr_ag,m_273910baa,0.0009049397742821268,340
287,CC(C)(C)OC(=O)N1CCC(n2cc(CO)nn2)CC1,G7KtP54Jc4Udq4IE57UScA|9W_VQruXrVB2zjTgKl2g-A,m_273910baa,0.0009014315089692733,341
288,CCOC(=O)c1cn(C2CCN(C(=O)OC(C)(C)C)CC2)nn1,G7KtP54Jc4Udq4IE57UScA|CTZohh-6sxoCLTjBDQ_Kvg,m_273910baa,0.0006568881525002145,375
289,COC(=O)c1cn(C2CCN(C(=O)OC(C)(C)C)CC2)nn1,G7KtP54Jc4Udq4IE57UScA|BE4vGy_JmSHUEdWwBNTSXw,m_273910baa,0.0009777703307420286,332
290,Brc1ccc(-n2cc(-c3ccccc3)nn2)cc1,c_bPZiOsXyHH12K7xB6ukQ|Pz_xOlQEvt1r3cN4SLcXUg,m_273910baa,0.006998902374107274,287
291,CC(=O)c1cn(-c2ccc(Br)cc2)nn1,c_bPZiOsXyHH12K7xB6ukQ|8Z7BIrB8H8nwGPIYrfr_ag,m_273910baa,0.011726697193637392,264
292,OCc1cn(-c2ccc(Br)cc2)nn1,c_bPZiOsXyHH12K7xB6ukQ|9W_VQruXrVB2zjTgKl2g-A,m_273910baa,0.0416672677747556,168
293,CCOC(=O)c1cn(-c2ccc(Br)cc2)nn1,c_bPZiOsXyHH12K7xB6ukQ|CTZohh-6sxoCLTjBDQ_Kvg,m_273910baa,0.007315877926856729,282
294,COC(=O)c1cn(-c2ccc(Br)cc2)nn1,c_bPZiOsXyHH12K7xB6ukQ|BE4vGy_JmSHUEdWwBNTSXw,m_273910baa,0.014736844270373695,254
295,Fc1ccccc1-n1cc(-c2ccccc2)nn1,jnpJzc0NL7sTnJKMDYnIWw|Pz_xOlQEvt1r3cN4SLcXUg,m_273910baa,0.006708595957363173,288
296,CC(=O)c1cn(-c2ccccc2F)nn1,jnpJzc0NL7sTnJKMDYnIWw|8Z7BIrB8H8nwGPIYrfr_ag,m_273910baa,0.025773385084903566,212
297,OCc1cn(-c2ccccc2F)nn1,jnpJzc0NL7sTnJKMDYnIWw|9W_VQruXrVB2zjTgKl2g-A,m_273910baa,0.07956602604826912,102
298,CCOC(=O)c1cn(-c2ccccc2F)nn1,jnpJzc0NL7sTnJKMDYnIWw|CTZohh-6sxoCLTjBDQ_Kvg,m_273910baa,0.026436209029270685,209
299,COC(=O)c1cn(-c2ccccc2F)nn1,jnpJzc0NL7sTnJKMDYnIWw|BE4vGy_JmSHUEdWwBNTSXw,m_273910baa,0.0449490032333415,159
300,CCC(=O)NCCC1(CNC(=O)CC)CC1,tT4iBC6FqjMMnjkvE0zV-Q|6T1j9iSKlVPdphEcVC3P1A|rGvpdOx1dzDk020NjJL-8w,m_275592aba,0.00014454465375359087,424
301,CCC(=O)NCCC1(CNC(=O)CCOC)CC1,tT4iBC6FqjMMnjkvE0zV-Q|6T1j9iSKlVPdphEcVC3P1A|CMMAWaJ9_VSRZi7HUZQfWQ,m_275592aba,0.00023891453475814497,409
302,CCC(=O)NCCC1(CNC(C)=O)CC1,tT4iBC6FqjMMnjkvE0zV-Q|6T1j9iSKlVPdphEcVC3P1A|75ycut4hGT-PwaQGOYu7wg,m_275592aba,0.00016085394287450316,423
303,CCC(=O)NCCC1(CNC(=O)C(F)F)CC1,tT4iBC6FqjMMnjkvE0zV-Q|6T1j9iSKlVPdphEcVC3P1A|GViOQyiPKxZgUyBaKU3HUw,m_275592aba,0.0007652426545023844,358
304,CCC(=O)NCCC1(CNC(=O)C2CC2)CC1,tT4iBC6FqjMMnjkvE0zV-Q|6T1j9iSKlVPdphEcVC3P1A|0qilskJ-Tfbd_6-wBpanSA,m_275592aba,0.00017275221482869146,420
305,CCC(=O)NCC1(CCNC(=O)CCOC)CC1,tT4iBC6FqjMMnjkvE0zV-Q|2gYJ6DiAGA2D1wiINdSaWg|rGvpdOx1dzDk020NjJL-8w,m_275592aba,0.00019359888263296383,415
306,COCCC(=O)NCCC1(CNC(=O)CCOC)CC1,tT4iBC6FqjMMnjkvE0zV-Q|2gYJ6DiAGA2D1wiINdSaWg|CMMAWaJ9_VSRZi7HUZQfWQ,m_275592aba,0.0002365838720403309,410
307,COCCC(=O)NCCC1(CNC(C)=O)CC1,tT4iBC6FqjMMnjkvE0zV-Q|2gYJ6DiAGA2D1wiINdSaWg|75ycut4hGT-PwaQGOYu7wg,m_275592aba,0.0002339566258768015,411
308,COCCC(=O)NCCC1(CNC(=O)C(F)F)CC1,tT4iBC6FqjMMnjkvE0zV-Q|2gYJ6DiAGA2D1wiINdSaWg|GViOQyiPKxZgUyBaKU3HUw,m_275592aba,0.0007054362423361574,367
309,COCCC(=O)NCCC1(CNC(=O)C2CC2)CC1,tT4iBC6FqjMMnjkvE0zV-Q|2gYJ6DiAGA2D1wiINdSaWg|0qilskJ-Tfbd_6-wBpanSA,m_275592aba,0.00016321052593417447,422
310,CCC(=O)NCC1(CCNC(C)=O)CC1,tT4iBC6FqjMMnjkvE0zV-Q|LowMw6PqmmJNJ8yW2e9ALw|rGvpdOx1dzDk020NjJL-8w,m_275592aba,0.0002064210385322138,412
311,COCCC(=O)NCC1(CCNC(C)=O)CC1,tT4iBC6FqjMMnjkvE0zV-Q|LowMw6PqmmJNJ8yW2e9ALw|CMMAWaJ9_VSRZi7HUZQfWQ,m_275592aba,0.00029069075045323864,406
312,CC(=O)NCCC1(CNC(C)=O)CC1,tT4iBC6FqjMMnjkvE0zV-Q|LowMw6PqmmJNJ8yW2e9ALw|75ycut4hGT-PwaQGOYu7wg,m_275592aba,0.00018124367815978767,418
313,CC(=O)NCCC1(CNC(=O)C(F)F)CC1,tT4iBC6FqjMMnjkvE0zV-Q|LowMw6PqmmJNJ8yW2e9ALw|GViOQyiPKxZgUyBaKU3HUw,m_275592aba,0.000930345022895181,336
314,CC(=O)NCCC1(CNC(=O)C2CC2)CC1,tT4iBC6FqjMMnjkvE0zV-Q|LowMw6PqmmJNJ8yW2e9ALw|0qilskJ-Tfbd_6-wBpanSA,m_275592aba,0.0002451324273265097,408
315,CCC(=O)NCC1(CCNC(=O)C2CC2)CC1,tT4iBC6FqjMMnjkvE0zV-Q|meRgJjUvsI1KaWADR-Rglw|rGvpdOx1dzDk020NjJL-8w,m_275592aba,0.00017450882477071467,419
316,COCCC(=O)NCC1(CCNC(=O)C2CC2)CC1,tT4iBC6FqjMMnjkvE0zV-Q|meRgJjUvsI1KaWADR-Rglw|CMMAWaJ9_VSRZi7HUZQfWQ,m_275592aba,0.0001933100210877431,416
317,CC(=O)NCC1(CCNC(=O)C2CC2)CC1,tT4iBC6FqjMMnjkvE0zV-Q|meRgJjUvsI1KaWADR-Rglw|75ycut4hGT-PwaQGOYu7wg,m_275592aba,0.00018423670725178557,417
318,O=C(NCC1(CCNC(=O)C2CC2)CC1)C(F)F,tT4iBC6FqjMMnjkvE0zV-Q|meRgJjUvsI1KaWADR-Rglw|GViOQyiPKxZgUyBaKU3HUw,m_275592aba,0.0006041051317607681,382
319,O=C(NCCC1(CNC(=O)C2CC2)CC1)C1CC1,tT4iBC6FqjMMnjkvE0zV-Q|meRgJjUvsI1KaWADR-Rglw|0qilskJ-Tfbd_6-wBpanSA,m_275592aba,0.00012725819409139738,425
320,CCC(=O)NCC1(CCNC(=O)C2CCC2)CC1,tT4iBC6FqjMMnjkvE0zV-Q|4dfmkJYF6pw10jJaZdhwGA|rGvpdOx1dzDk020NjJL-8w,m_275592aba,0.00019649057407758802,414
321,COCCC(=O)NCC1(CCNC(=O)C2CCC2)CC1,tT4iBC6FqjMMnjkvE0zV-Q|4dfmkJYF6pw10jJaZdhwGA|CMMAWaJ9_VSRZi7HUZQfWQ,m_275592aba,0.00020119958180390613,413
322,CC(=O)NCC1(CCNC(=O)C2CCC2)CC1,tT4iBC6FqjMMnjkvE0zV-Q|4dfmkJYF6pw10jJaZdhwGA|75ycut4hGT-PwaQGOYu7wg,m_275592aba,0.0002540697298650166,407
323,O=C(NCC1(CCNC(=O)C2CCC2)CC1)C(F)F,tT4iBC6FqjMMnjkvE0zV-Q|4dfmkJYF6pw10jJaZdhwGA|GViOQyiPKxZgUyBaKU3HUw,m_275592aba,0.0006344952008498139,378
324,O=C(NCCC1(CNC(=O)C2CC2)CC1)C1CCC1,tT4iBC6FqjMMnjkvE0zV-Q|4dfmkJYF6pw10jJaZdhwGA|0qilskJ-Tfbd_6-wBpanSA,m_275592aba,0.00016464847418023776,421
325,CCC(=O)NCCCCC(C)NC(=O)CC,LpvtILZMFqO0skG9NCOKXg|6T1j9iSKlVPdphEcVC3P1A|rGvpdOx1dzDk020NjJL-8w,m_275592aba,0.000789639894156105,353
326,CCC(=O)NC(C)CCCCNC(=O)CCOC,LpvtILZMFqO0skG9NCOKXg|6T1j9iSKlVPdphEcVC3P1A|CMMAWaJ9_VSRZi7HUZQfWQ,m_275592aba,0.000899993386840575,342
327,CCC(=O)NC(C)CCCCNC(C)=O,LpvtILZMFqO0skG9NCOKXg|6T1j9iSKlVPdphEcVC3P1A|75ycut4hGT-PwaQGOYu7wg,m_275592aba,0.0008039364293561113,350
328,CCC(=O)NC(C)CCCCNC(=O)C(F)F,LpvtILZMFqO0skG9NCOKXg|6T1j9iSKlVPdphEcVC3P1A|GViOQyiPKxZgUyBaKU3HUw,m_275592aba,0.002872883355091983,311
329,CCC(=O)NC(C)CCCCNC(=O)C1CC1,LpvtILZMFqO0skG9NCOKXg|6T1j9iSKlVPdphEcVC3P1A|0qilskJ-Tfbd_6-wBpanSA,m_275592aba,0.0006933273965884631,369
330,CCC(=O)NCCCCC(C)NC(=O)CCOC,LpvtILZMFqO0skG9NCOKXg|2gYJ6DiAGA2D1wiINdSaWg|rGvpdOx1dzDk020NjJL-8w,m_275592aba,0.0010963818556339678,328
331,COCCC(=O)NCCCCC(C)NC(=O)CCOC,LpvtILZMFqO0skG9NCOKXg|2gYJ6DiAGA2D1wiINdSaWg|CMMAWaJ9_VSRZi7HUZQfWQ,m_275592aba,0.0007882453326007348,354
332,COCCC(=O)NC(C)CCCCNC(C)=O,LpvtILZMFqO0skG9NCOKXg|2gYJ6DiAGA2D1wiINdSaWg|75ycut4hGT-PwaQGOYu7wg,m_275592aba,0.001150845131544941,326
333,COCCC(=O)NC(C)CCCCNC(=O)C(F)F,LpvtILZMFqO0skG9NCOKXg|2gYJ6DiAGA2D1wiINdSaWg|GViOQyiPKxZgUyBaKU3HUw,m_275592aba,0.0038630011041939343,304
334,COCCC(=O)NC(C)CCCCNC(=O)C1CC1,LpvtILZMFqO0skG9NCOKXg|2gYJ6DiAGA2D1wiINdSaWg|0qilskJ-Tfbd_6-wBpanSA,m_275592aba,0.0008807922529365075,345
335,CCC(=O)NCCCCC(C)NC(C)=O,LpvtILZMFqO0skG9NCOKXg|LowMw6PqmmJNJ8yW2e9ALw|rGvpdOx1dzDk020NjJL-8w,m_275592aba,0.0007317825174075476,363
336,COCCC(=O)NCCCCC(C)NC(C)=O,LpvtILZMFqO0skG9NCOKXg|LowMw6PqmmJNJ8yW2e9ALw|CMMAWaJ9_VSRZi7HUZQfWQ,m_275592aba,0.0009145784391869395,338
337,CC(=O)NCCCCC(C)NC(C)=O,LpvtILZMFqO0skG9NCOKXg|LowMw6PqmmJNJ8yW2e9ALw|75ycut4hGT-PwaQGOYu7wg,m_275592aba,0.0005826701416350166,385
338,CC(=O)NC(C)CCCCNC(=O)C(F)F,LpvtILZMFqO0skG9NCOKXg|LowMw6PqmmJNJ8yW2e9ALw|GViOQyiPKxZgUyBaKU3HUw,m_275592aba,0.002505079023575607,312
339,CC(=O)NC(C)CCCCNC(=O)C1CC1,LpvtILZMFqO0skG9NCOKXg|LowMw6PqmmJNJ8yW2e9ALw|0qilskJ-Tfbd_6-wBpanSA,m_275592aba,0.000623172880474112,380
340,CCC(=O)NCCCCC(C)NC(=O)C1CC1,LpvtILZMFqO0skG9NCOKXg|meRgJjUvsI1KaWADR-Rglw|rGvpdOx1dzDk020NjJL-8w,m_275592aba,0.0007137378852232943,366
341,COCCC(=O)NCCCCC(C)NC(=O)C1CC1,LpvtILZMFqO0skG9NCOKXg|meRgJjUvsI1KaWADR-Rglw|CMMAWaJ9_VSRZi7HUZQfWQ,m_275592aba,0.0006738805292103543,374
342,CC(=O)NCCCCC(C)NC(=O)C1CC1,LpvtILZMFqO0skG9NCOKXg|meRgJjUvsI1KaWADR-Rglw|75ycut4hGT-PwaQGOYu7wg,m_275592aba,0.0006997821819067608,368
343,CC(CCCCNC(=O)C(F)F)NC(=O)C1CC1,LpvtILZMFqO0skG9NCOKXg|meRgJjUvsI1KaWADR-Rglw|GViOQyiPKxZgUyBaKU3HUw,m_275592aba,0.0021239782583672095,315
344,CC(CCCCNC(=O)C1CC1)NC(=O)C1CC1,LpvtILZMFqO0skG9NCOKXg|meRgJjUvsI1KaWADR-Rglw|0qilskJ-Tfbd_6-wBpanSA,m_275592aba,0.0005031856888606526,392
345,CCC(=O)NCCCCC(C)NC(=O)C1CCC1,LpvtILZMFqO0skG9NCOKXg|4dfmkJYF6pw10jJaZdhwGA|rGvpdOx1dzDk020NjJL-8w,m_275592aba,0.0007669337343441255,357
346,COCCC(=O)NCCCCC(C)NC(=O)C1CCC1,LpvtILZMFqO0skG9NCOKXg|4dfmkJYF6pw10jJaZdhwGA|CMMAWaJ9_VSRZi7HUZQfWQ,m_275592aba,0.0005834772732563022,384
347,CC(=O)NCCCCC(C)NC(=O)C1CCC1,LpvtILZMFqO0skG9NCOKXg|4dfmkJYF6pw10jJaZdhwGA|75ycut4hGT-PwaQGOYu7wg,m_275592aba,0.0008594179513122108,346
348,CC(CCCCNC(=O)C(F)F)NC(=O)C1CCC1,LpvtILZMFqO0skG9NCOKXg|4dfmkJYF6pw10jJaZdhwGA|GViOQyiPKxZgUyBaKU3HUw,m_275592aba,0.0021583458688804727,314
349,CC(CCCCNC(=O)C1CC1)NC(=O)C1CCC1,LpvtILZMFqO0skG9NCOKXg|4dfmkJYF6pw10jJaZdhwGA|0qilskJ-Tfbd_6-wBpanSA,m_275592aba,0.0005317612395665582,390
350,CCC(=O)NCC1CCN(C(=O)CC)CC1C,jwLCPd4jx1jLYVs3Sxz34g|6T1j9iSKlVPdphEcVC3P1A|rGvpdOx1dzDk020NjJL-8w,m_275592aba,0.0007378485222266917,362
351,CCC(=O)N1CCC(CNC(=O)CCOC)C(C)C1,jwLCPd4jx1jLYVs3Sxz34g|6T1j9iSKlVPdphEcVC3P1A|CMMAWaJ9_VSRZi7HUZQfWQ,m_275592aba,0.0015354923447719049,322
352,CCC(=O)N1CCC(CNC(C)=O)C(C)C1,jwLCPd4jx1jLYVs3Sxz34g|6T1j9iSKlVPdphEcVC3P1A|75ycut4hGT-PwaQGOYu7wg,m_275592aba,0.000963966628604318,333
353,CCC(=O)N1CCC(CNC(=O)C(F)F)C(C)C1,jwLCPd4jx1jLYVs3Sxz34g|6T1j9iSKlVPdphEcVC3P1A|GViOQyiPKxZgUyBaKU3HUw,m_275592aba,0.004090462948003637,302
354,CCC(=O)N1CCC(CNC(=O)C2CC2)C(C)C1,jwLCPd4jx1jLYVs3Sxz34g|6T1j9iSKlVPdphEcVC3P1A|0qilskJ-Tfbd_6-wBpanSA,m_275592aba,0.0009265028321367996,337
355,CCC(=O)NCC1CCN(C(=O)CCOC)CC1C,jwLCPd4jx1jLYVs3Sxz34g|2gYJ6DiAGA2D1wiINdSaWg|rGvpdOx1dzDk020NjJL-8w,m_275592aba,0.0008271172959481987,348
356,COCCC(=O)NCC1CCN(C(=O)CCOC)CC1C,jwLCPd4jx1jLYVs3Sxz34g|2gYJ6DiAGA2D1wiINdSaWg|CMMAWaJ9_VSRZi7HUZQfWQ,m_275592aba,0.0010808672345531123,329
357,COCCC(=O)N1CCC(CNC(C)=O)C(C)C1,jwLCPd4jx1jLYVs3Sxz34g|2gYJ6DiAGA2D1wiINdSaWg|75ycut4hGT-PwaQGOYu7wg,m_275592aba,0.001688700665624765,319
358,COCCC(=O)N1CCC(CNC(=O)C(F)F)C(C)C1,jwLCPd4jx1jLYVs3Sxz34g|2gYJ6DiAGA2D1wiINdSaWg|GViOQyiPKxZgUyBaKU3HUw,m_275592aba,0.004398623486719266,300
359,COCCC(=O)N1CCC(CNC(=O)C2CC2)C(C)C1,jwLCPd4jx1jLYVs3Sxz34g|2gYJ6DiAGA2D1wiINdSaWg|0qilskJ-Tfbd_6-wBpanSA,m_275592aba,0.0011931785896077685,324
360,CCC(=O)NCC1CCN(C(C)=O)CC1C,jwLCPd4jx1jLYVs3Sxz34g|LowMw6PqmmJNJ8yW2e9ALw|rGvpdOx1dzDk020NjJL-8w,m_275592aba,0.0007780579920715347,355
361,COCCC(=O)NCC1CCN(C(C)=O)CC1C,jwLCPd4jx1jLYVs3Sxz34g|LowMw6PqmmJNJ8yW2e9ALw|CMMAWaJ9_VSRZi7HUZQfWQ,m_275592aba,0.0020059545493822384,316
362,CC(=O)NCC1CCN(C(C)=O)CC1C,jwLCPd4jx1jLYVs3Sxz34g|LowMw6PqmmJNJ8yW2e9ALw|75ycut4hGT-PwaQGOYu7wg,m_275592aba,0.0009533501710485837,334
363,CC(=O)N1CCC(CNC(=O)C(F)F)C(C)C1,jwLCPd4jx1jLYVs3Sxz34g|LowMw6PqmmJNJ8yW2e9ALw|GViOQyiPKxZgUyBaKU3HUw,m_275592aba,0.0065393519215177776,289
364,CC(=O)N1CCC(CNC(=O)C2CC2)C(C)C1,jwLCPd4jx1jLYVs3Sxz34g|LowMw6PqmmJNJ8yW2e9ALw|0qilskJ-Tfbd_6-wBpanSA,m_275592aba,0.001170882458672473,325
365,CCC(=O)NCC1CCN(C(=O)C2CC2)CC1C,jwLCPd4jx1jLYVs3Sxz34g|meRgJjUvsI1KaWADR-Rglw|rGvpdOx1dzDk020NjJL-8w,m_275592aba,0.0007442481232420306,361
366,COCCC(=O)NCC1CCN(C(=O)C2CC2)CC1C,jwLCPd4jx1jLYVs3Sxz34g|meRgJjUvsI1KaWADR-Rglw|CMMAWaJ9_VSRZi7HUZQfWQ,m_275592aba,0.001750726401877678,318
367,CC(=O)NCC1CCN(C(=O)C2CC2)CC1C,jwLCPd4jx1jLYVs3Sxz34g|meRgJjUvsI1KaWADR-Rglw|75ycut4hGT-PwaQGOYu7wg,m_275592aba,0.0011175807213259503,327
368,CC1CN(C(=O)C2CC2)CCC1CNC(=O)C(F)F,jwLCPd4jx1jLYVs3Sxz34g|meRgJjUvsI1KaWADR-Rglw|GViOQyiPKxZgUyBaKU3HUw,m_275592aba,0.003153137811937601,310
369,CC1CN(C(=O)C2CC2)CCC1CNC(=O)C1CC1,jwLCPd4jx1jLYVs3Sxz34g|meRgJjUvsI1KaWADR-Rglw|0qilskJ-Tfbd_6-wBpanSA,m_275592aba,0.000845941699653685,347
370,CCC(=O)NCC1CCN(C(=O)C2CCC2)CC1C,jwLCPd4jx1jLYVs3Sxz34g|4dfmkJYF6pw10jJaZdhwGA|rGvpdOx1dzDk020NjJL-8w,m_275592aba,0.0006262659287468164,379
371,COCCC(=O)NCC1CCN(C(=O)C2CCC2)CC1C,jwLCPd4jx1jLYVs3Sxz34g|4dfmkJYF6pw10jJaZdhwGA|CMMAWaJ9_VSRZi7HUZQfWQ,m_275592aba,0.0009312040344162664,335
372,CC(=O)NCC1CCN(C(=O)C2CCC2)CC1C,jwLCPd4jx1jLYVs3Sxz34g|4dfmkJYF6pw10jJaZdhwGA|75ycut4hGT-PwaQGOYu7wg,m_275592aba,0.001550925752923149,321
373,CC1CN(C(=O)C2CCC2)CCC1CNC(=O)C(F)F,jwLCPd4jx1jLYVs3Sxz34g|4dfmkJYF6pw10jJaZdhwGA|GViOQyiPKxZgUyBaKU3HUw,m_275592aba,0.003450780840239309,307
374,CC1CN(C(=O)C2CCC2)CCC1CNC(=O)C1CC1,jwLCPd4jx1jLYVs3Sxz34g|4dfmkJYF6pw10jJaZdhwGA|0qilskJ-Tfbd_6-wBpanSA,m_275592aba,0.0007524522817081714,360
375,CCC(=O)N[C@@H]1CN(C(=O)CC)C[C@H]1O,kX92WQDvYYI6aSM7wHr1MA|6T1j9iSKlVPdphEcVC3P1A|rGvpdOx1dzDk020NjJL-8w,m_275592aba,0.0004846937682203706,397
376,CCC(=O)N[C@@H]1CN(C(=O)CCOC)C[C@H]1O,kX92WQDvYYI6aSM7wHr1MA|6T1j9iSKlVPdphEcVC3P1A|CMMAWaJ9_VSRZi7HUZQfWQ,m_275592aba,0.0005002441396413667,394
377,CCC(=O)N[C@@H]1CN(C(C)=O)C[C@H]1O,kX92WQDvYYI6aSM7wHr1MA|6T1j9iSKlVPdphEcVC3P1A|75ycut4hGT-PwaQGOYu7wg,m_275592aba,0.0007225055652735485,364
378,CCC(=O)N[C@@H]1CN(C(=O)C(F)F)C[C@H]1O,kX92WQDvYYI6aSM7wHr1MA|6T1j9iSKlVPdphEcVC3P1A|GViOQyiPKxZgUyBaKU3HUw,m_275592aba,0.00582966403244739,292
379,CCC(=O)N[C@@H]1CN(C(=O)C2CC2)C[C@H]1O,kX92WQDvYYI6aSM7wHr1MA|6T1j9iSKlVPdphEcVC3P1A|0qilskJ-Tfbd_6-wBpanSA,m_275592aba,0.0005720977930057311,386
380,CCC(=O)N1C[C@@H](O)[C@H](NC(=O)CCOC)C1,kX92WQDvYYI6aSM7wHr1MA|2gYJ6DiAGA2D1wiINdSaWg|rGvpdOx1dzDk020NjJL-8w,m_275592aba,0.0004523725792431074,399
381,COCCC(=O)N[C@@H]1CN(C(=O)CCOC)C[C@H]1O,kX92WQDvYYI6aSM7wHr1MA|2gYJ6DiAGA2D1wiINdSaWg|CMMAWaJ9_VSRZi7HUZQfWQ,m_275592aba,0.00043766462835133455,401
382,COCCC(=O)N[C@@H]1CN(C(C)=O)C[C@H]1O,kX92WQDvYYI6aSM7wHr1MA|2gYJ6DiAGA2D1wiINdSaWg|75ycut4hGT-PwaQGOYu7wg,m_275592aba,0.0004803455752541269,398
383,COCCC(=O)N[C@@H]1CN(C(=O)C(F)F)C[C@H]1O,kX92WQDvYYI6aSM7wHr1MA|2gYJ6DiAGA2D1wiINdSaWg|GViOQyiPKxZgUyBaKU3HUw,m_275592aba,0.004243302249533485,301
384,COCCC(=O)N[C@@H]1CN(C(=O)C2CC2)C[C@H]1O,kX92WQDvYYI6aSM7wHr1MA|2gYJ6DiAGA2D1wiINdSaWg|0qilskJ-Tfbd_6-wBpanSA,m_275592aba,0.0005015606357101694,393
385,CCC(=O)N1C[C@@H](O)[C@H](NC(C)=O)C1,kX92WQDvYYI6aSM7wHr1MA|LowMw6PqmmJNJ8yW2e9ALw|rGvpdOx1dzDk020NjJL-8w,m_275592aba,0.0006559640119259275,376
386,COCCC(=O)N1C[C@@H](O)[C@H](NC(C)=O)C1,kX92WQDvYYI6aSM7wHr1MA|LowMw6PqmmJNJ8yW2e9ALw|CMMAWaJ9_VSRZi7HUZQfWQ,m_275592aba,0.0006851937403313385,371
387,CC(=O)N[C@@H]1CN(C(C)=O)C[C@H]1O,kX92WQDvYYI6aSM7wHr1MA|LowMw6PqmmJNJ8yW2e9ALw|75ycut4hGT-PwaQGOYu7wg,m_275592aba,0.0010441896144677276,331
388,CC(=O)N[C@@H]1CN(C(=O)C(F)F)C[C@H]1O,kX92WQDvYYI6aSM7wHr1MA|LowMw6PqmmJNJ8yW2e9ALw|GViOQyiPKxZgUyBaKU3HUw,m_275592aba,0.007092677397331215,285
389,CC(=O)N[C@@H]1CN(C(=O)C2CC2)C[C@H]1O,kX92WQDvYYI6aSM7wHr1MA|LowMw6PqmmJNJ8yW2e9ALw|0qilskJ-Tfbd_6-wBpanSA,m_275592aba,0.0007594598974253741,359
390,CCC(=O)N1C[C@@H](O)[C@H](NC(=O)C2CC2)C1,kX92WQDvYYI6aSM7wHr1MA|meRgJjUvsI1KaWADR-Rglw|rGvpdOx1dzDk020NjJL-8w,m_275592aba,0.0005218869615071934,391
391,COCCC(=O)N1C[C@@H](O)[C@H](NC(=O)C2CC2)C1,kX92WQDvYYI6aSM7wHr1MA|meRgJjUvsI1KaWADR-Rglw|CMMAWaJ9_VSRZi7HUZQfWQ,m_275592aba,0.0006081577287992703,381
392,CC(=O)N1C[C@@H](O)[C@H](NC(=O)C2CC2)C1,kX92WQDvYYI6aSM7wHr1MA|meRgJjUvsI1KaWADR-Rglw|75ycut4hGT-PwaQGOYu7wg,m_275592aba,0.0007899741040744701,352
393,O=C(N[C@@H]1CN(C(=O)C(F)F)C[C@H]1O)C1CC1,kX92WQDvYYI6aSM7wHr1MA|meRgJjUvsI1KaWADR-Rglw|GViOQyiPKxZgUyBaKU3HUw,m_275592aba,0.004834258272764735,297
394,O=C(N[C@@H]1CN(C(=O)C2CC2)C[C@H]1O)C1CC1,kX92WQDvYYI6aSM7wHr1MA|meRgJjUvsI1KaWADR-Rglw|0qilskJ-Tfbd_6-wBpanSA,m_275592aba,0.0004940886158188488,395
395,CCC(=O)N1C[C@@H](O)[C@H](NC(=O)C2CCC2)C1,kX92WQDvYYI6aSM7wHr1MA|4dfmkJYF6pw10jJaZdhwGA|rGvpdOx1dzDk020NjJL-8w,m_275592aba,0.0006351668855535597,377
396,COCCC(=O)N1C[C@@H](O)[C@H](NC(=O)C2CCC2)C1,kX92WQDvYYI6aSM7wHr1MA|4dfmkJYF6pw10jJaZdhwGA|CMMAWaJ9_VSRZi7HUZQfWQ,m_275592aba,0.0006823854088903276,372
397,CC(=O)N1C[C@@H](O)[C@H](NC(=O)C2CCC2)C1,kX92WQDvYYI6aSM7wHr1MA|4dfmkJYF6pw10jJaZdhwGA|75ycut4hGT-PwaQGOYu7wg,m_275592aba,0.0008883866687595665,344
398,O=C(N[C@@H]1CN(C(=O)C(F)F)C[C@H]1O)C1CCC1,kX92WQDvYYI6aSM7wHr1MA|4dfmkJYF6pw10jJaZdhwGA|GViOQyiPKxZgUyBaKU3HUw,m_275592aba,0.0048912966329839325,296
399,O=C(N[C@@H]1CN(C(=O)C2CC2)C[C@H]1O)C1CCC1,kX92WQDvYYI6aSM7wHr1MA|4dfmkJYF6pw10jJaZdhwGA|0qilskJ-Tfbd_6-wBpanSA,m_275592aba,0.0007174586993128791,365
400,CCC(=O)NCC1CN(C(=O)CC)CCCO1,FfxTTWZNOHpOUV-2X25KYg|6T1j9iSKlVPdphEcVC3P1A|rGvpdOx1dzDk020NjJL-8w,m_275592aba,0.0004918850490943186,396
401,CCC(=O)N1CCCOC(CNC(=O)CCOC)C1,FfxTTWZNOHpOUV-2X25KYg|6T1j9iSKlVPdphEcVC3P1A|CMMAWaJ9_VSRZi7HUZQfWQ,m_275592aba,0.0007957734125019821,351
402,CCC(=O)N1CCCOC(CNC(C)=O)C1,FfxTTWZNOHpOUV-2X25KYg|6T1j9iSKlVPdphEcVC3P1A|75ycut4hGT-PwaQGOYu7wg,m_275592aba,0.001070567065134611,330
403,CCC(=O)N1CCCOC(CNC(=O)C(F)F)C1,FfxTTWZNOHpOUV-2X25KYg|6T1j9iSKlVPdphEcVC3P1A|GViOQyiPKxZgUyBaKU3HUw,m_275592aba,0.00405322569074746,303
404,CCC(=O)N1CCCOC(CNC(=O)C2CC2)C1,FfxTTWZNOHpOUV-2X25KYg|6T1j9iSKlVPdphEcVC3P1A|0qilskJ-Tfbd_6-wBpanSA,m_275592aba,0.0004370209778191468,402
405,CCC(=O)NCC1CN(C(=O)CCOC)CCCO1,FfxTTWZNOHpOUV-2X25KYg|2gYJ6DiAGA2D1wiINdSaWg|rGvpdOx1dzDk020NjJL-8w,m_275592aba,0.0007758570318331624,356
406,COCCC(=O)NCC1CN(C(=O)CCOC)CCCO1,FfxTTWZNOHpOUV-2X25KYg|2gYJ6DiAGA2D1wiINdSaWg|CMMAWaJ9_VSRZi7HUZQfWQ,m_275592aba,0.0005638851752527161,387
407,COCCC(=O)N1CCCOC(CNC(C)=O)C1,FfxTTWZNOHpOUV-2X25KYg|2gYJ6DiAGA2D1wiINdSaWg|75ycut4hGT-PwaQGOYu7wg,m_275592aba,0.001883088859990334,317
408,COCCC(=O)N1CCCOC(CNC(=O)C(F)F)C1,FfxTTWZNOHpOUV-2X25KYg|2gYJ6DiAGA2D1wiINdSaWg|GViOQyiPKxZgUyBaKU3HUw,m_275592aba,0.0036614973949943425,305
409,COCCC(=O)N1CCCOC(CNC(=O)C2CC2)C1,FfxTTWZNOHpOUV-2X25KYg|2gYJ6DiAGA2D1wiINdSaWg|0qilskJ-Tfbd_6-wBpanSA,m_275592aba,0.0006772481735083757,373
410,CCC(=O)NCC1CN(C(C)=O)CCCO1,FfxTTWZNOHpOUV-2X25KYg|LowMw6PqmmJNJ8yW2e9ALw|rGvpdOx1dzDk020NjJL-8w,m_275592aba,0.0005566783519598863,388
411,COCCC(=O)NCC1CN(C(C)=O)CCCO1,FfxTTWZNOHpOUV-2X25KYg|LowMw6PqmmJNJ8yW2e9ALw|CMMAWaJ9_VSRZi7HUZQfWQ,m_275592aba,0.0009050599426365397,339
412,CC(=O)NCC1CN(C(C)=O)CCCO1,FfxTTWZNOHpOUV-2X25KYg|LowMw6PqmmJNJ8yW2e9ALw|75ycut4hGT-PwaQGOYu7wg,m_275592aba,0.000892984542493036,343
413,CC(=O)N1CCCOC(CNC(=O)C(F)F)C1,FfxTTWZNOHpOUV-2X25KYg|LowMw6PqmmJNJ8yW2e9ALw|GViOQyiPKxZgUyBaKU3HUw,m_275592aba,0.00481922955772518,298
414,CC(=O)N1CCCOC(CNC(=O)C2CC2)C1,FfxTTWZNOHpOUV-2X25KYg|LowMw6PqmmJNJ8yW2e9ALw|0qilskJ-Tfbd_6-wBpanSA,m_275592aba,0.000443581350245097,400
415,CCC(=O)NCC1CN(C(=O)C2CC2)CCCO1,FfxTTWZNOHpOUV-2X25KYg|meRgJjUvsI1KaWADR-Rglw|rGvpdOx1dzDk020NjJL-8w,m_275592aba,0.000599126861998535,383
416,COCCC(=O)NCC1CN(C(=O)C2CC2)CCCO1,FfxTTWZNOHpOUV-2X25KYg|meRgJjUvsI1KaWADR-Rglw|CMMAWaJ9_VSRZi7HUZQfWQ,m_275592aba,0.000826530390455606,349
417,CC(=O)NCC1CN(C(=O)C2CC2)CCCO1,FfxTTWZNOHpOUV-2X25KYg|meRgJjUvsI1KaWADR-Rglw|75ycut4hGT-PwaQGOYu7wg,m_275592aba,0.0012454792537301106,323
418,O=C(NCC1CN(C(=O)C2CC2)CCCO1)C(F)F,FfxTTWZNOHpOUV-2X25KYg|meRgJjUvsI1KaWADR-Rglw|GViOQyiPKxZgUyBaKU3HUw,m_275592aba,0.0033839298598609645,308
419,O=C(NCC1CN(C(=O)C2CC2)CCCO1)C1CC1,FfxTTWZNOHpOUV-2X25KYg|meRgJjUvsI1KaWADR-Rglw|0qilskJ-Tfbd_6-wBpanSA,m_275592aba,0.00034012880539210504,405
420,CCC(=O)NCC1CN(C(=O)C2CCC2)CCCO1,FfxTTWZNOHpOUV-2X25KYg|4dfmkJYF6pw10jJaZdhwGA|rGvpdOx1dzDk020NjJL-8w,m_275592aba,0.0005508291604680092,389
421,COCCC(=O)NCC1CN(C(=O)C2CCC2)CCCO1,FfxTTWZNOHpOUV-2X25KYg|4dfmkJYF6pw10jJaZdhwGA|CMMAWaJ9_VSRZi7HUZQfWQ,m_275592aba,0.0006925038343693533,370
422,CC(=O)NCC1CN(C(=O)C2CCC2)CCCO1,FfxTTWZNOHpOUV-2X25KYg|4dfmkJYF6pw10jJaZdhwGA|75ycut4hGT-PwaQGOYu7wg,m_275592aba,0.0016046900495741145,320
423,O=C(NCC1CN(C(=O)C2CCC2)CCCO1)C(F)F,FfxTTWZNOHpOUV-2X25KYg|4dfmkJYF6pw10jJaZdhwGA|GViOQyiPKxZgUyBaKU3HUw,m_275592aba,0.003299208116867752,309
424,O=C(NCC1CN(C(=O)C2CCC2)CCCO1)C1CC1,FfxTTWZNOHpOUV-2X25KYg|4dfmkJYF6pw10jJaZdhwGA|0qilskJ-Tfbd_6-wBpanSA,m_275592aba,0.0004199321387704868,404
